2026-05-02T15:58:39.139+05:30  INFO 12840 --- [PRODUCT-SERVICE] [main] c.e.p.ProductServiceApplicationTests     : Starting ProductServiceApplicationTests using Java 17.0.12 with PID 12840 (started by tiwar in E:\Personal\microservices-learning\ecommerce-microservices-learning\product-service)
2026-05-02T15:58:39.152+05:30  INFO 12840 --- [PRODUCT-SERVICE] [main] c.e.p.ProductServiceApplicationTests     : The following 1 profile is active: "test"
2026-05-02T15:58:44.045+05:30  INFO 12840 --- [PRODUCT-SERVICE] [main] .s.d.r.c.RepositoryConfigurationDelegate : Bootstrapping Spring Data JPA repositories in DEFAULT mode.
2026-05-02T15:58:44.813+05:30  INFO 12840 --- [PRODUCT-SERVICE] [main] .s.d.r.c.RepositoryConfigurationDelegate : Finished Spring Data repository scanning in 748 ms. Found 3 JPA repository interfaces.
2026-05-02T15:58:47.131+05:30  INFO 12840 --- [PRODUCT-SERVICE] [main] o.s.cloud.context.scope.GenericScope     : BeanFactory id=27a8cbbf-21a1-39d0-a201-04646ec854ad
2026-05-02T15:58:48.652+05:30  WARN 12840 --- [PRODUCT-SERVICE] [main] trationDelegate$BeanPostProcessorChecker : Bean 'org.springframework.cloud.client.loadbalancer.LoadBalancerAutoConfiguration$DeferringLoadBalancerInterceptorConfig' of type [org.springframework.cloud.client.loadbalancer.LoadBalancerAutoConfiguration$DeferringLoadBalancerInterceptorConfig] is not eligible for getting processed by all BeanPostProcessors (for example: not eligible for auto-proxying). The currently created BeanPostProcessor [lbRestClientPostProcessor] is declared through a non-static factory method on that class; consider declaring it as static instead.
2026-05-02T15:58:48.669+05:30  WARN 12840 --- [PRODUCT-SERVICE] [main] trationDelegate$BeanPostProcessorChecker : Bean 'deferringLoadBalancerInterceptor' of type [org.springframework.cloud.client.loadbalancer.DeferringLoadBalancerInterceptor] is not eligible for getting processed by all BeanPostProcessors (for example: not eligible for auto-proxying). Is this bean getting eagerly injected/applied to a currently created BeanPostProcessor [lbRestClientPostProcessor]? Check the corresponding BeanPostProcessor declaration and its dependencies/advisors. If this bean does not have to be post-processed, declare it with ROLE_INFRASTRUCTURE.
2026-05-02T15:58:48.675+05:30  WARN 12840 --- [PRODUCT-SERVICE] [main] trationDelegate$BeanPostProcessorChecker : Bean 'org.springframework.cloud.client.loadbalancer.reactive.LoadBalancerBeanPostProcessorAutoConfiguration' of type [org.springframework.cloud.client.loadbalancer.reactive.LoadBalancerBeanPostProcessorAutoConfiguration] is not eligible for getting processed by all BeanPostProcessors (for example: not eligible for auto-proxying). The currently created BeanPostProcessor [loadBalancerWebClientBuilderBeanPostProcessor] is declared through a non-static factory method on that class; consider declaring it as static instead.
2026-05-02T15:58:48.681+05:30  WARN 12840 --- [PRODUCT-SERVICE] [main] trationDelegate$BeanPostProcessorChecker : Bean 'org.springframework.cloud.client.loadbalancer.reactive.LoadBalancerBeanPostProcessorAutoConfiguration$ReactorDeferringLoadBalancerFilterConfig' of type [org.springframework.cloud.client.loadbalancer.reactive.LoadBalancerBeanPostProcessorAutoConfiguration$ReactorDeferringLoadBalancerFilterConfig] is not eligible for getting processed by all BeanPostProcessors (for example: not eligible for auto-proxying). Is this bean getting eagerly injected/applied to a currently created BeanPostProcessor [loadBalancerWebClientBuilderBeanPostProcessor]? Check the corresponding BeanPostProcessor declaration and its dependencies/advisors. If this bean does not have to be post-processed, declare it with ROLE_INFRASTRUCTURE.
2026-05-02T15:58:48.686+05:30  WARN 12840 --- [PRODUCT-SERVICE] [main] trationDelegate$BeanPostProcessorChecker : Bean 'reactorDeferringLoadBalancerExchangeFilterFunction' of type [org.springframework.cloud.client.loadbalancer.reactive.DeferringLoadBalancerExchangeFilterFunction] is not eligible for getting processed by all BeanPostProcessors (for example: not eligible for auto-proxying). Is this bean getting eagerly injected/applied to a currently created BeanPostProcessor [loadBalancerWebClientBuilderBeanPostProcessor]? Check the corresponding BeanPostProcessor declaration and its dependencies/advisors. If this bean does not have to be post-processed, declare it with ROLE_INFRASTRUCTURE.
2026-05-02T15:58:49.285+05:30  INFO 12840 --- [PRODUCT-SERVICE] [main] o.hibernate.jpa.internal.util.LogHelper  : HHH000204: Processing PersistenceUnitInfo [name: default]
2026-05-02T15:58:49.594+05:30  INFO 12840 --- [PRODUCT-SERVICE] [main] org.hibernate.Version                    : HHH000412: Hibernate ORM core version 6.5.3.Final
2026-05-02T15:58:49.737+05:30  INFO 12840 --- [PRODUCT-SERVICE] [main] o.h.c.internal.RegionFactoryInitiator    : HHH000026: Second-level cache disabled
2026-05-02T15:58:50.755+05:30  INFO 12840 --- [PRODUCT-SERVICE] [main] o.s.o.j.p.SpringPersistenceUnitInfo      : No LoadTimeWeaver setup: ignoring JPA class transformer
2026-05-02T15:58:50.899+05:30  INFO 12840 --- [PRODUCT-SERVICE] [main] com.zaxxer.hikari.HikariDataSource       : HikariPool-1 - Starting...
2026-05-02T15:58:51.389+05:30  INFO 12840 --- [PRODUCT-SERVICE] [main] com.zaxxer.hikari.pool.HikariPool        : HikariPool-1 - Added connection conn0: url=jdbc:h2:mem:testdb user=SA
2026-05-02T15:58:51.393+05:30  INFO 12840 --- [PRODUCT-SERVICE] [main] com.zaxxer.hikari.HikariDataSource       : HikariPool-1 - Start completed.
2026-05-02T15:58:51.443+05:30  WARN 12840 --- [PRODUCT-SERVICE] [main] org.hibernate.orm.deprecation            : HHH90000025: H2Dialect does not need to be specified explicitly using 'hibernate.dialect' (remove the property setting and it will be selected by default)
2026-05-02T15:58:52.869+05:30  INFO 12840 --- [PRODUCT-SERVICE] [main] o.h.e.t.j.p.i.JtaPlatformInitiator       : HHH000489: No JTA platform available (set 'hibernate.transaction.jta.platform' to enable JTA platform integration)
2026-05-02T15:58:52.896+05:30 DEBUG 12840 --- [PRODUCT-SERVICE] [main] org.hibernate.SQL                        : 
    drop table if exists categories cascade 
2026-05-02T15:58:52.903+05:30 DEBUG 12840 --- [PRODUCT-SERVICE] [main] org.hibernate.SQL                        : 
    drop table if exists products cascade 
2026-05-02T15:58:52.911+05:30 DEBUG 12840 --- [PRODUCT-SERVICE] [main] org.hibernate.SQL                        : 
    create table categories (
        category_id integer generated by default as identity,
        parent_category_id integer,
        created_at timestamp(6) with time zone,
        updated_at timestamp(6) with time zone,
        category_title varchar(255),
        image_url varchar(255),
        primary key (category_id)
    )
2026-05-02T15:58:52.925+05:30 DEBUG 12840 --- [PRODUCT-SERVICE] [main] org.hibernate.SQL                        : 
    create table products (
        category_id integer,
        price_unit decimal,
        product_id integer generated by default as identity,
        quantity integer,
        created_at timestamp(6) with time zone,
        updated_at timestamp(6) with time zone,
        image_url varchar(255),
        product_title varchar(255),
        sku varchar(255) unique,
        primary key (product_id)
    )
2026-05-02T15:58:52.930+05:30 DEBUG 12840 --- [PRODUCT-SERVICE] [main] org.hibernate.SQL                        : 
    alter table if exists categories 
       add constraint FK9il7y6fehxwunjeepq0n7g5rd 
       foreign key (parent_category_id) 
       references categories
2026-05-02T15:58:52.948+05:30 DEBUG 12840 --- [PRODUCT-SERVICE] [main] org.hibernate.SQL                        : 
    alter table if exists products 
       add constraint FKog2rp4qthbtt2lfyhfo32lsw9 
       foreign key (category_id) 
       references categories
2026-05-02T15:58:52.956+05:30  INFO 12840 --- [PRODUCT-SERVICE] [main] j.LocalContainerEntityManagerFactoryBean : Initialized JPA EntityManagerFactory for persistence unit 'default'
2026-05-02T15:58:54.233+05:30  INFO 12840 --- [PRODUCT-SERVICE] [main] o.s.d.j.r.query.QueryEnhancerFactory     : Hibernate is in classpath; If applicable, HQL parser will be used.
2026-05-02T15:58:55.339+05:30  WARN 12840 --- [PRODUCT-SERVICE] [main] o.s.w.c.s.GenericWebApplicationContext   : Exception encountered during context initialization - cancelling refresh attempt: org.springframework.beans.factory.BeanCreationException: Error creating bean with name 'baseSecurityConfig': Injection of autowired dependencies failed
2026-05-02T15:58:55.340+05:30  INFO 12840 --- [PRODUCT-SERVICE] [main] j.LocalContainerEntityManagerFactoryBean : Closing JPA EntityManagerFactory for persistence unit 'default'
2026-05-02T15:58:55.343+05:30 DEBUG 12840 --- [PRODUCT-SERVICE] [main] org.hibernate.SQL                        : 
    drop table if exists categories cascade 
2026-05-02T15:58:55.348+05:30 DEBUG 12840 --- [PRODUCT-SERVICE] [main] org.hibernate.SQL                        : 
    drop table if exists products cascade 
2026-05-02T15:58:55.355+05:30  INFO 12840 --- [PRODUCT-SERVICE] [main] com.zaxxer.hikari.HikariDataSource       : HikariPool-1 - Shutdown initiated...
2026-05-02T15:58:55.361+05:30  INFO 12840 --- [PRODUCT-SERVICE] [main] com.zaxxer.hikari.HikariDataSource       : HikariPool-1 - Shutdown completed.
2026-05-02T15:58:55.421+05:30  INFO 12840 --- [PRODUCT-SERVICE] [main] .s.b.a.l.ConditionEvaluationReportLogger : 

Error starting ApplicationContext. To display the condition evaluation report re-run your application with 'debug' enabled.
2026-05-02T15:58:55.553+05:30 ERROR 12840 --- [PRODUCT-SERVICE] [main] o.s.boot.SpringApplication               : Application run failed

org.springframework.beans.factory.BeanCreationException: Error creating bean with name 'baseSecurityConfig': Injection of autowired dependencies failed
	at org.springframework.beans.factory.annotation.AutowiredAnnotationBeanPostProcessor.postProcessProperties(AutowiredAnnotationBeanPostProcessor.java:515)
	at org.springframework.beans.factory.support.AbstractAutowireCapableBeanFactory.populateBean(AbstractAutowireCapableBeanFactory.java:1439)
	at org.springframework.beans.factory.support.AbstractAutowireCapableBeanFactory.doCreateBean(AbstractAutowireCapableBeanFactory.java:599)
	at org.springframework.beans.factory.support.AbstractAutowireCapableBeanFactory.createBean(AbstractAutowireCapableBeanFactory.java:522)
	at org.springframework.beans.factory.support.AbstractBeanFactory.lambda$doGetBean$0(AbstractBeanFactory.java:337)
	at org.springframework.beans.factory.support.DefaultSingletonBeanRegistry.getSingleton(DefaultSingletonBeanRegistry.java:234)
	at org.springframework.beans.factory.support.AbstractBeanFactory.doGetBean(AbstractBeanFactory.java:335)
	at org.springframework.beans.factory.support.AbstractBeanFactory.getBean(AbstractBeanFactory.java:200)
	at org.springframework.beans.factory.support.DefaultListableBeanFactory.preInstantiateSingletons(DefaultListableBeanFactory.java:975)
	at org.springframework.context.support.AbstractApplicationContext.finishBeanFactoryInitialization(AbstractApplicationContext.java:971)
	at org.springframework.context.support.AbstractApplicationContext.refresh(AbstractApplicationContext.java:625)
	at org.springframework.boot.SpringApplication.refresh(SpringApplication.java:754)
	at org.springframework.boot.SpringApplication.refreshContext(SpringApplication.java:456)
	at org.springframework.boot.SpringApplication.run(SpringApplication.java:335)
	at org.springframework.boot.test.context.SpringBootContextLoader.lambda$loadContext$3(SpringBootContextLoader.java:137)
	at org.springframework.util.function.ThrowingSupplier.get(ThrowingSupplier.java:58)
	at org.springframework.util.function.ThrowingSupplier.get(ThrowingSupplier.java:46)
	at org.springframework.boot.SpringApplication.withHook(SpringApplication.java:1463)
	at org.springframework.boot.test.context.SpringBootContextLoader$ContextLoaderHook.run(SpringBootContextLoader.java:553)
	at org.springframework.boot.test.context.SpringBootContextLoader.loadContext(SpringBootContextLoader.java:137)
	at org.springframework.boot.test.context.SpringBootContextLoader.loadContext(SpringBootContextLoader.java:108)
	at org.springframework.test.context.cache.DefaultCacheAwareContextLoaderDelegate.loadContextInternal(DefaultCacheAwareContextLoaderDelegate.java:225)
	at org.springframework.test.context.cache.DefaultCacheAwareContextLoaderDelegate.loadContext(DefaultCacheAwareContextLoaderDelegate.java:152)
	at org.springframework.test.context.support.DefaultTestContext.getApplicationContext(DefaultTestContext.java:130)
	at org.springframework.test.context.web.ServletTestExecutionListener.setUpRequestContextIfNecessary(ServletTestExecutionListener.java:191)
	at org.springframework.test.context.web.ServletTestExecutionListener.prepareTestInstance(ServletTestExecutionListener.java:130)
	at org.springframework.test.context.TestContextManager.prepareTestInstance(TestContextManager.java:260)
	at org.springframework.test.context.junit.jupiter.SpringExtension.postProcessTestInstance(SpringExtension.java:163)
	at org.junit.jupiter.engine.descriptor.ClassBasedTestDescriptor.lambda$invokeTestInstancePostProcessors$10(ClassBasedTestDescriptor.java:378)
	at org.junit.jupiter.engine.descriptor.ClassBasedTestDescriptor.executeAndMaskThrowable(ClassBasedTestDescriptor.java:383)
	at org.junit.jupiter.engine.descriptor.ClassBasedTestDescriptor.lambda$invokeTestInstancePostProcessors$11(ClassBasedTestDescriptor.java:378)
	at java.base/java.util.stream.ReferencePipeline$3$1.accept(ReferencePipeline.java:197)
	at java.base/java.util.stream.ReferencePipeline$2$1.accept(ReferencePipeline.java:179)
	at java.base/java.util.ArrayList$ArrayListSpliterator.forEachRemaining(ArrayList.java:1625)
	at java.base/java.util.stream.AbstractPipeline.copyInto(AbstractPipeline.java:509)
	at java.base/java.util.stream.AbstractPipeline.wrapAndCopyInto(AbstractPipeline.java:499)
	at java.base/java.util.stream.StreamSpliterators$WrappingSpliterator.forEachRemaining(StreamSpliterators.java:310)
	at java.base/java.util.stream.Streams$ConcatSpliterator.forEachRemaining(Streams.java:735)
	at java.base/java.util.stream.Streams$ConcatSpliterator.forEachRemaining(Streams.java:734)
	at java.base/java.util.stream.ReferencePipeline$Head.forEach(ReferencePipeline.java:762)
	at org.junit.jupiter.engine.descriptor.ClassBasedTestDescriptor.invokeTestInstancePostProcessors(ClassBasedTestDescriptor.java:377)
	at org.junit.jupiter.engine.descriptor.ClassBasedTestDescriptor.lambda$instantiateAndPostProcessTestInstance$6(ClassBasedTestDescriptor.java:290)
	at org.junit.platform.engine.support.hierarchical.ThrowableCollector.execute(ThrowableCollector.java:73)
	at org.junit.jupiter.engine.descriptor.ClassBasedTestDescriptor.instantiateAndPostProcessTestInstance(ClassBasedTestDescriptor.java:289)
	at org.junit.jupiter.engine.descriptor.ClassBasedTestDescriptor.lambda$testInstancesProvider$4(ClassBasedTestDescriptor.java:279)
	at java.base/java.util.Optional.orElseGet(Optional.java:364)
	at org.junit.jupiter.engine.descriptor.ClassBasedTestDescriptor.lambda$testInstancesProvider$5(ClassBasedTestDescriptor.java:278)
	at org.junit.jupiter.engine.execution.TestInstancesProvider.getTestInstances(TestInstancesProvider.java:31)
	at org.junit.jupiter.engine.descriptor.TestMethodTestDescriptor.lambda$prepare$0(TestMethodTestDescriptor.java:106)
	at org.junit.platform.engine.support.hierarchical.ThrowableCollector.execute(ThrowableCollector.java:73)
	at org.junit.jupiter.engine.descriptor.TestMethodTestDescriptor.prepare(TestMethodTestDescriptor.java:105)
	at org.junit.jupiter.engine.descriptor.TestMethodTestDescriptor.prepare(TestMethodTestDescriptor.java:69)
	at org.junit.platform.engine.support.hierarchical.NodeTestTask.lambda$prepare$2(NodeTestTask.java:128)
	at org.junit.platform.engine.support.hierarchical.ThrowableCollector.execute(ThrowableCollector.java:73)
	at org.junit.platform.engine.support.hierarchical.NodeTestTask.prepare(NodeTestTask.java:128)
	at org.junit.platform.engine.support.hierarchical.NodeTestTask.execute(NodeTestTask.java:95)
	at java.base/java.util.ArrayList.forEach(ArrayList.java:1511)
	at org.junit.platform.engine.support.hierarchical.SameThreadHierarchicalTestExecutorService.invokeAll(SameThreadHierarchicalTestExecutorService.java:41)
	at org.junit.platform.engine.support.hierarchical.NodeTestTask.lambda$executeRecursively$6(NodeTestTask.java:160)
	at org.junit.platform.engine.support.hierarchical.ThrowableCollector.execute(ThrowableCollector.java:73)
	at org.junit.platform.engine.support.hierarchical.NodeTestTask.lambda$executeRecursively$8(NodeTestTask.java:146)
	at org.junit.platform.engine.support.hierarchical.Node.around(Node.java:137)
	at org.junit.platform.engine.support.hierarchical.NodeTestTask.lambda$executeRecursively$9(NodeTestTask.java:144)
	at org.junit.platform.engine.support.hierarchical.ThrowableCollector.execute(ThrowableCollector.java:73)
	at org.junit.platform.engine.support.hierarchical.NodeTestTask.executeRecursively(NodeTestTask.java:143)
	at org.junit.platform.engine.support.hierarchical.NodeTestTask.execute(NodeTestTask.java:100)
	at java.base/java.util.ArrayList.forEach(ArrayList.java:1511)
	at org.junit.platform.engine.support.hierarchical.SameThreadHierarchicalTestExecutorService.invokeAll(SameThreadHierarchicalTestExecutorService.java:41)
	at org.junit.platform.engine.support.hierarchical.NodeTestTask.lambda$executeRecursively$6(NodeTestTask.java:160)
	at org.junit.platform.engine.support.hierarchical.ThrowableCollector.execute(ThrowableCollector.java:73)
	at org.junit.platform.engine.support.hierarchical.NodeTestTask.lambda$executeRecursively$8(NodeTestTask.java:146)
	at org.junit.platform.engine.support.hierarchical.Node.around(Node.java:137)
	at org.junit.platform.engine.support.hierarchical.NodeTestTask.lambda$executeRecursively$9(NodeTestTask.java:144)
	at org.junit.platform.engine.support.hierarchical.ThrowableCollector.execute(ThrowableCollector.java:73)
	at org.junit.platform.engine.support.hierarchical.NodeTestTask.executeRecursively(NodeTestTask.java:143)
	at org.junit.platform.engine.support.hierarchical.NodeTestTask.execute(NodeTestTask.java:100)
	at org.junit.platform.engine.support.hierarchical.SameThreadHierarchicalTestExecutorService.submit(SameThreadHierarchicalTestExecutorService.java:35)
	at org.junit.platform.engine.support.hierarchical.HierarchicalTestExecutor.execute(HierarchicalTestExecutor.java:57)
	at org.junit.platform.engine.support.hierarchical.HierarchicalTestEngine.execute(HierarchicalTestEngine.java:54)
	at org.junit.platform.launcher.core.EngineExecutionOrchestrator.execute(EngineExecutionOrchestrator.java:198)
	at org.junit.platform.launcher.core.EngineExecutionOrchestrator.execute(EngineExecutionOrchestrator.java:169)
	at org.junit.platform.launcher.core.EngineExecutionOrchestrator.execute(EngineExecutionOrchestrator.java:93)
	at org.junit.platform.launcher.core.EngineExecutionOrchestrator.lambda$execute$0(EngineExecutionOrchestrator.java:58)
	at org.junit.platform.launcher.core.EngineExecutionOrchestrator.withInterceptedStreams(EngineExecutionOrchestrator.java:141)
	at org.junit.platform.launcher.core.EngineExecutionOrchestrator.execute(EngineExecutionOrchestrator.java:57)
	at org.junit.platform.launcher.core.DefaultLauncher.execute(DefaultLauncher.java:103)
	at org.junit.platform.launcher.core.DefaultLauncher.execute(DefaultLauncher.java:85)
	at org.junit.platform.launcher.core.DelegatingLauncher.execute(DelegatingLauncher.java:47)
	at org.apache.maven.surefire.junitplatform.LazyLauncher.execute(LazyLauncher.java:56)
	at org.apache.maven.surefire.junitplatform.JUnitPlatformProvider.execute(JUnitPlatformProvider.java:184)
	at org.apache.maven.surefire.junitplatform.JUnitPlatformProvider.invokeAllTests(JUnitPlatformProvider.java:148)
	at org.apache.maven.surefire.junitplatform.JUnitPlatformProvider.invoke(JUnitPlatformProvider.java:122)
	at org.apache.maven.surefire.booter.ForkedBooter.runSuitesInProcess(ForkedBooter.java:385)
	at org.apache.maven.surefire.booter.ForkedBooter.execute(ForkedBooter.java:162)
	at org.apache.maven.surefire.booter.ForkedBooter.run(ForkedBooter.java:507)
	at org.apache.maven.surefire.booter.ForkedBooter.main(ForkedBooter.java:495)
Caused by: java.lang.IllegalArgumentException: Could not resolve placeholder 'jwt.secret' in value "${jwt.secret}"
	at org.springframework.util.PropertyPlaceholderHelper.parseStringValue(PropertyPlaceholderHelper.java:180)
	at org.springframework.util.PropertyPlaceholderHelper.replacePlaceholders(PropertyPlaceholderHelper.java:126)
	at org.springframework.core.env.AbstractPropertyResolver.doResolvePlaceholders(AbstractPropertyResolver.java:239)
	at org.springframework.core.env.AbstractPropertyResolver.resolveRequiredPlaceholders(AbstractPropertyResolver.java:210)
	at org.springframework.context.support.PropertySourcesPlaceholderConfigurer.lambda$processProperties$0(PropertySourcesPlaceholderConfigurer.java:200)
	at org.springframework.beans.factory.support.AbstractBeanFactory.resolveEmbeddedValue(AbstractBeanFactory.java:964)
	at org.springframework.beans.factory.support.DefaultListableBeanFactory.doResolveDependency(DefaultListableBeanFactory.java:1374)
	at org.springframework.beans.factory.support.DefaultListableBeanFactory.resolveDependency(DefaultListableBeanFactory.java:1353)
	at org.springframework.beans.factory.annotation.AutowiredAnnotationBeanPostProcessor$AutowiredFieldElement.resolveFieldValue(AutowiredAnnotationBeanPostProcessor.java:785)
	at org.springframework.beans.factory.annotation.AutowiredAnnotationBeanPostProcessor$AutowiredFieldElement.inject(AutowiredAnnotationBeanPostProcessor.java:768)
	at org.springframework.beans.factory.annotation.InjectionMetadata.inject(InjectionMetadata.java:145)
	at org.springframework.beans.factory.annotation.AutowiredAnnotationBeanPostProcessor.postProcessProperties(AutowiredAnnotationBeanPostProcessor.java:509)
	... 95 common frames omitted

2026-05-02T15:58:55.598+05:30  WARN 12840 --- [PRODUCT-SERVICE] [main] o.s.test.context.TestContextManager      : Caught exception while allowing TestExecutionListener [org.springframework.test.context.web.ServletTestExecutionListener] to prepare test instance [com.ecommerce.product_service.ProductServiceApplicationTests@74efc394]

java.lang.IllegalStateException: Failed to load ApplicationContext for [WebMergedContextConfiguration@4af32714 testClass = com.ecommerce.product_service.ProductServiceApplicationTests, locations = [], classes = [com.ecommerce.product_service.ProductServiceApplication], contextInitializerClasses = [], activeProfiles = ["test"], propertySourceDescriptors = [], propertySourceProperties = ["org.springframework.boot.test.context.SpringBootTestContextBootstrapper=true"], contextCustomizers = [org.springframework.boot.test.context.filter.ExcludeFilterContextCustomizer@3fa247d1, org.springframework.boot.test.json.DuplicateJsonObjectContextCustomizerFactory$DuplicateJsonObjectContextCustomizer@64e7619d, org.springframework.boot.test.mock.mockito.MockitoContextCustomizer@0, org.springframework.boot.test.web.client.TestRestTemplateContextCustomizer@6736fa8d, org.springframework.boot.test.web.reactive.server.WebTestClientContextCustomizer@4bd31064, org.springframework.boot.test.web.reactor.netty.DisableReactorResourceFactoryGlobalResourcesContextCustomizerFactory$DisableReactorResourceFactoryGlobalResourcesContextCustomizerCustomizer@5d99c6b5, org.springframework.boot.test.autoconfigure.OnFailureConditionReportContextCustomizerFactory$OnFailureConditionReportContextCustomizer@24c4ddae, org.springframework.boot.test.autoconfigure.actuate.observability.ObservabilityContextCustomizerFactory$DisableObservabilityContextCustomizer@1f, org.springframework.boot.test.autoconfigure.properties.PropertyMappingContextCustomizer@0, org.springframework.boot.test.autoconfigure.web.servlet.WebDriverContextCustomizer@658c5a19, org.springframework.boot.test.context.SpringBootTestAnnotation@5c62542b], resourceBasePath = "src/main/webapp", contextLoader = org.springframework.boot.test.context.SpringBootContextLoader, parent = null]
	at org.springframework.test.context.cache.DefaultCacheAwareContextLoaderDelegate.loadContext(DefaultCacheAwareContextLoaderDelegate.java:180)
	at org.springframework.test.context.support.DefaultTestContext.getApplicationContext(DefaultTestContext.java:130)
	at org.springframework.test.context.web.ServletTestExecutionListener.setUpRequestContextIfNecessary(ServletTestExecutionListener.java:191)
	at org.springframework.test.context.web.ServletTestExecutionListener.prepareTestInstance(ServletTestExecutionListener.java:130)
	at org.springframework.test.context.TestContextManager.prepareTestInstance(TestContextManager.java:260)
	at org.springframework.test.context.junit.jupiter.SpringExtension.postProcessTestInstance(SpringExtension.java:163)
	at org.junit.jupiter.engine.descriptor.ClassBasedTestDescriptor.lambda$invokeTestInstancePostProcessors$10(ClassBasedTestDescriptor.java:378)
	at org.junit.jupiter.engine.descriptor.ClassBasedTestDescriptor.executeAndMaskThrowable(ClassBasedTestDescriptor.java:383)
	at org.junit.jupiter.engine.descriptor.ClassBasedTestDescriptor.lambda$invokeTestInstancePostProcessors$11(ClassBasedTestDescriptor.java:378)
	at java.base/java.util.stream.ReferencePipeline$3$1.accept(ReferencePipeline.java:197)
	at java.base/java.util.stream.ReferencePipeline$2$1.accept(ReferencePipeline.java:179)
	at java.base/java.util.ArrayList$ArrayListSpliterator.forEachRemaining(ArrayList.java:1625)
	at java.base/java.util.stream.AbstractPipeline.copyInto(AbstractPipeline.java:509)
	at java.base/java.util.stream.AbstractPipeline.wrapAndCopyInto(AbstractPipeline.java:499)
	at java.base/java.util.stream.StreamSpliterators$WrappingSpliterator.forEachRemaining(StreamSpliterators.java:310)
	at java.base/java.util.stream.Streams$ConcatSpliterator.forEachRemaining(Streams.java:735)
	at java.base/java.util.stream.Streams$ConcatSpliterator.forEachRemaining(Streams.java:734)
	at java.base/java.util.stream.ReferencePipeline$Head.forEach(ReferencePipeline.java:762)
	at org.junit.jupiter.engine.descriptor.ClassBasedTestDescriptor.invokeTestInstancePostProcessors(ClassBasedTestDescriptor.java:377)
	at org.junit.jupiter.engine.descriptor.ClassBasedTestDescriptor.lambda$instantiateAndPostProcessTestInstance$6(ClassBasedTestDescriptor.java:290)
	at org.junit.platform.engine.support.hierarchical.ThrowableCollector.execute(ThrowableCollector.java:73)
	at org.junit.jupiter.engine.descriptor.ClassBasedTestDescriptor.instantiateAndPostProcessTestInstance(ClassBasedTestDescriptor.java:289)
	at org.junit.jupiter.engine.descriptor.ClassBasedTestDescriptor.lambda$testInstancesProvider$4(ClassBasedTestDescriptor.java:279)
	at java.base/java.util.Optional.orElseGet(Optional.java:364)
	at org.junit.jupiter.engine.descriptor.ClassBasedTestDescriptor.lambda$testInstancesProvider$5(ClassBasedTestDescriptor.java:278)
	at org.junit.jupiter.engine.execution.TestInstancesProvider.getTestInstances(TestInstancesProvider.java:31)
	at org.junit.jupiter.engine.descriptor.TestMethodTestDescriptor.lambda$prepare$0(TestMethodTestDescriptor.java:106)
	at org.junit.platform.engine.support.hierarchical.ThrowableCollector.execute(ThrowableCollector.java:73)
	at org.junit.jupiter.engine.descriptor.TestMethodTestDescriptor.prepare(TestMethodTestDescriptor.java:105)
	at org.junit.jupiter.engine.descriptor.TestMethodTestDescriptor.prepare(TestMethodTestDescriptor.java:69)
	at org.junit.platform.engine.support.hierarchical.NodeTestTask.lambda$prepare$2(NodeTestTask.java:128)
	at org.junit.platform.engine.support.hierarchical.ThrowableCollector.execute(ThrowableCollector.java:73)
	at org.junit.platform.engine.support.hierarchical.NodeTestTask.prepare(NodeTestTask.java:128)
	at org.junit.platform.engine.support.hierarchical.NodeTestTask.execute(NodeTestTask.java:95)
	at java.base/java.util.ArrayList.forEach(ArrayList.java:1511)
	at org.junit.platform.engine.support.hierarchical.SameThreadHierarchicalTestExecutorService.invokeAll(SameThreadHierarchicalTestExecutorService.java:41)
	at org.junit.platform.engine.support.hierarchical.NodeTestTask.lambda$executeRecursively$6(NodeTestTask.java:160)
	at org.junit.platform.engine.support.hierarchical.ThrowableCollector.execute(ThrowableCollector.java:73)
	at org.junit.platform.engine.support.hierarchical.NodeTestTask.lambda$executeRecursively$8(NodeTestTask.java:146)
	at org.junit.platform.engine.support.hierarchical.Node.around(Node.java:137)
	at org.junit.platform.engine.support.hierarchical.NodeTestTask.lambda$executeRecursively$9(NodeTestTask.java:144)
	at org.junit.platform.engine.support.hierarchical.ThrowableCollector.execute(ThrowableCollector.java:73)
	at org.junit.platform.engine.support.hierarchical.NodeTestTask.executeRecursively(NodeTestTask.java:143)
	at org.junit.platform.engine.support.hierarchical.NodeTestTask.execute(NodeTestTask.java:100)
	at java.base/java.util.ArrayList.forEach(ArrayList.java:1511)
	at org.junit.platform.engine.support.hierarchical.SameThreadHierarchicalTestExecutorService.invokeAll(SameThreadHierarchicalTestExecutorService.java:41)
	at org.junit.platform.engine.support.hierarchical.NodeTestTask.lambda$executeRecursively$6(NodeTestTask.java:160)
	at org.junit.platform.engine.support.hierarchical.ThrowableCollector.execute(ThrowableCollector.java:73)
	at org.junit.platform.engine.support.hierarchical.NodeTestTask.lambda$executeRecursively$8(NodeTestTask.java:146)
	at org.junit.platform.engine.support.hierarchical.Node.around(Node.java:137)
	at org.junit.platform.engine.support.hierarchical.NodeTestTask.lambda$executeRecursively$9(NodeTestTask.java:144)
	at org.junit.platform.engine.support.hierarchical.ThrowableCollector.execute(ThrowableCollector.java:73)
	at org.junit.platform.engine.support.hierarchical.NodeTestTask.executeRecursively(NodeTestTask.java:143)
	at org.junit.platform.engine.support.hierarchical.NodeTestTask.execute(NodeTestTask.java:100)
	at org.junit.platform.engine.support.hierarchical.SameThreadHierarchicalTestExecutorService.submit(SameThreadHierarchicalTestExecutorService.java:35)
	at org.junit.platform.engine.support.hierarchical.HierarchicalTestExecutor.execute(HierarchicalTestExecutor.java:57)
	at org.junit.platform.engine.support.hierarchical.HierarchicalTestEngine.execute(HierarchicalTestEngine.java:54)
	at org.junit.platform.launcher.core.EngineExecutionOrchestrator.execute(EngineExecutionOrchestrator.java:198)
	at org.junit.platform.launcher.core.EngineExecutionOrchestrator.execute(EngineExecutionOrchestrator.java:169)
	at org.junit.platform.launcher.core.EngineExecutionOrchestrator.execute(EngineExecutionOrchestrator.java:93)
	at org.junit.platform.launcher.core.EngineExecutionOrchestrator.lambda$execute$0(EngineExecutionOrchestrator.java:58)
	at org.junit.platform.launcher.core.EngineExecutionOrchestrator.withInterceptedStreams(EngineExecutionOrchestrator.java:141)
	at org.junit.platform.launcher.core.EngineExecutionOrchestrator.execute(EngineExecutionOrchestrator.java:57)
	at org.junit.platform.launcher.core.DefaultLauncher.execute(DefaultLauncher.java:103)
	at org.junit.platform.launcher.core.DefaultLauncher.execute(DefaultLauncher.java:85)
	at org.junit.platform.launcher.core.DelegatingLauncher.execute(DelegatingLauncher.java:47)
	at org.apache.maven.surefire.junitplatform.LazyLauncher.execute(LazyLauncher.java:56)
	at org.apache.maven.surefire.junitplatform.JUnitPlatformProvider.execute(JUnitPlatformProvider.java:184)
	at org.apache.maven.surefire.junitplatform.JUnitPlatformProvider.invokeAllTests(JUnitPlatformProvider.java:148)
	at org.apache.maven.surefire.junitplatform.JUnitPlatformProvider.invoke(JUnitPlatformProvider.java:122)
	at org.apache.maven.surefire.booter.ForkedBooter.runSuitesInProcess(ForkedBooter.java:385)
	at org.apache.maven.surefire.booter.ForkedBooter.execute(ForkedBooter.java:162)
	at org.apache.maven.surefire.booter.ForkedBooter.run(ForkedBooter.java:507)
	at org.apache.maven.surefire.booter.ForkedBooter.main(ForkedBooter.java:495)
Caused by: org.springframework.beans.factory.BeanCreationException: Error creating bean with name 'baseSecurityConfig': Injection of autowired dependencies failed
	at org.springframework.beans.factory.annotation.AutowiredAnnotationBeanPostProcessor.postProcessProperties(AutowiredAnnotationBeanPostProcessor.java:515)
	at org.springframework.beans.factory.support.AbstractAutowireCapableBeanFactory.populateBean(AbstractAutowireCapableBeanFactory.java:1439)
	at org.springframework.beans.factory.support.AbstractAutowireCapableBeanFactory.doCreateBean(AbstractAutowireCapableBeanFactory.java:599)
	at org.springframework.beans.factory.support.AbstractAutowireCapableBeanFactory.createBean(AbstractAutowireCapableBeanFactory.java:522)
	at org.springframework.beans.factory.support.AbstractBeanFactory.lambda$doGetBean$0(AbstractBeanFactory.java:337)
	at org.springframework.beans.factory.support.DefaultSingletonBeanRegistry.getSingleton(DefaultSingletonBeanRegistry.java:234)
	at org.springframework.beans.factory.support.AbstractBeanFactory.doGetBean(AbstractBeanFactory.java:335)
	at org.springframework.beans.factory.support.AbstractBeanFactory.getBean(AbstractBeanFactory.java:200)
	at org.springframework.beans.factory.support.DefaultListableBeanFactory.preInstantiateSingletons(DefaultListableBeanFactory.java:975)
	at org.springframework.context.support.AbstractApplicationContext.finishBeanFactoryInitialization(AbstractApplicationContext.java:971)
	at org.springframework.context.support.AbstractApplicationContext.refresh(AbstractApplicationContext.java:625)
	at org.springframework.boot.SpringApplication.refresh(SpringApplication.java:754)
	at org.springframework.boot.SpringApplication.refreshContext(SpringApplication.java:456)
	at org.springframework.boot.SpringApplication.run(SpringApplication.java:335)
	at org.springframework.boot.test.context.SpringBootContextLoader.lambda$loadContext$3(SpringBootContextLoader.java:137)
	at org.springframework.util.function.ThrowingSupplier.get(ThrowingSupplier.java:58)
	at org.springframework.util.function.ThrowingSupplier.get(ThrowingSupplier.java:46)
	at org.springframework.boot.SpringApplication.withHook(SpringApplication.java:1463)
	at org.springframework.boot.test.context.SpringBootContextLoader$ContextLoaderHook.run(SpringBootContextLoader.java:553)
	at org.springframework.boot.test.context.SpringBootContextLoader.loadContext(SpringBootContextLoader.java:137)
	at org.springframework.boot.test.context.SpringBootContextLoader.loadContext(SpringBootContextLoader.java:108)
	at org.springframework.test.context.cache.DefaultCacheAwareContextLoaderDelegate.loadContextInternal(DefaultCacheAwareContextLoaderDelegate.java:225)
	at org.springframework.test.context.cache.DefaultCacheAwareContextLoaderDelegate.loadContext(DefaultCacheAwareContextLoaderDelegate.java:152)
	... 73 common frames omitted
Caused by: java.lang.IllegalArgumentException: Could not resolve placeholder 'jwt.secret' in value "${jwt.secret}"
	at org.springframework.util.PropertyPlaceholderHelper.parseStringValue(PropertyPlaceholderHelper.java:180)
	at org.springframework.util.PropertyPlaceholderHelper.replacePlaceholders(PropertyPlaceholderHelper.java:126)
	at org.springframework.core.env.AbstractPropertyResolver.doResolvePlaceholders(AbstractPropertyResolver.java:239)
	at org.springframework.core.env.AbstractPropertyResolver.resolveRequiredPlaceholders(AbstractPropertyResolver.java:210)
	at org.springframework.context.support.PropertySourcesPlaceholderConfigurer.lambda$processProperties$0(PropertySourcesPlaceholderConfigurer.java:200)
	at org.springframework.beans.factory.support.AbstractBeanFactory.resolveEmbeddedValue(AbstractBeanFactory.java:964)
	at org.springframework.beans.factory.support.DefaultListableBeanFactory.doResolveDependency(DefaultListableBeanFactory.java:1374)
	at org.springframework.beans.factory.support.DefaultListableBeanFactory.resolveDependency(DefaultListableBeanFactory.java:1353)
	at org.springframework.beans.factory.annotation.AutowiredAnnotationBeanPostProcessor$AutowiredFieldElement.resolveFieldValue(AutowiredAnnotationBeanPostProcessor.java:785)
	at org.springframework.beans.factory.annotation.AutowiredAnnotationBeanPostProcessor$AutowiredFieldElement.inject(AutowiredAnnotationBeanPostProcessor.java:768)
	at org.springframework.beans.factory.annotation.InjectionMetadata.inject(InjectionMetadata.java:145)
	at org.springframework.beans.factory.annotation.AutowiredAnnotationBeanPostProcessor.postProcessProperties(AutowiredAnnotationBeanPostProcessor.java:509)
	... 95 common frames omitted

2026-05-02T16:42:51.878+05:30  INFO 7456 --- [PRODUCT-SERVICE] [main] c.e.p.ProductServiceApplicationTests     : Starting ProductServiceApplicationTests using Java 17.0.12 with PID 7456 (started by tiwar in E:\Personal\microservices-learning\ecommerce-microservices-learning\product-service)
2026-05-02T16:42:51.884+05:30  INFO 7456 --- [PRODUCT-SERVICE] [main] c.e.p.ProductServiceApplicationTests     : The following 1 profile is active: "test"
2026-05-02T16:42:54.624+05:30  INFO 7456 --- [PRODUCT-SERVICE] [main] .s.d.r.c.RepositoryConfigurationDelegate : Bootstrapping Spring Data JPA repositories in DEFAULT mode.
2026-05-02T16:42:55.116+05:30  INFO 7456 --- [PRODUCT-SERVICE] [main] .s.d.r.c.RepositoryConfigurationDelegate : Finished Spring Data repository scanning in 470 ms. Found 3 JPA repository interfaces.
2026-05-02T16:42:56.553+05:30  INFO 7456 --- [PRODUCT-SERVICE] [main] o.s.cloud.context.scope.GenericScope     : BeanFactory id=27a8cbbf-21a1-39d0-a201-04646ec854ad
2026-05-02T16:42:57.445+05:30  WARN 7456 --- [PRODUCT-SERVICE] [main] trationDelegate$BeanPostProcessorChecker : Bean 'org.springframework.cloud.client.loadbalancer.LoadBalancerAutoConfiguration$DeferringLoadBalancerInterceptorConfig' of type [org.springframework.cloud.client.loadbalancer.LoadBalancerAutoConfiguration$DeferringLoadBalancerInterceptorConfig] is not eligible for getting processed by all BeanPostProcessors (for example: not eligible for auto-proxying). The currently created BeanPostProcessor [lbRestClientPostProcessor] is declared through a non-static factory method on that class; consider declaring it as static instead.
2026-05-02T16:42:57.459+05:30  WARN 7456 --- [PRODUCT-SERVICE] [main] trationDelegate$BeanPostProcessorChecker : Bean 'deferringLoadBalancerInterceptor' of type [org.springframework.cloud.client.loadbalancer.DeferringLoadBalancerInterceptor] is not eligible for getting processed by all BeanPostProcessors (for example: not eligible for auto-proxying). Is this bean getting eagerly injected/applied to a currently created BeanPostProcessor [lbRestClientPostProcessor]? Check the corresponding BeanPostProcessor declaration and its dependencies/advisors. If this bean does not have to be post-processed, declare it with ROLE_INFRASTRUCTURE.
2026-05-02T16:42:57.468+05:30  WARN 7456 --- [PRODUCT-SERVICE] [main] trationDelegate$BeanPostProcessorChecker : Bean 'org.springframework.cloud.client.loadbalancer.reactive.LoadBalancerBeanPostProcessorAutoConfiguration' of type [org.springframework.cloud.client.loadbalancer.reactive.LoadBalancerBeanPostProcessorAutoConfiguration] is not eligible for getting processed by all BeanPostProcessors (for example: not eligible for auto-proxying). The currently created BeanPostProcessor [loadBalancerWebClientBuilderBeanPostProcessor] is declared through a non-static factory method on that class; consider declaring it as static instead.
2026-05-02T16:42:57.476+05:30  WARN 7456 --- [PRODUCT-SERVICE] [main] trationDelegate$BeanPostProcessorChecker : Bean 'org.springframework.cloud.client.loadbalancer.reactive.LoadBalancerBeanPostProcessorAutoConfiguration$ReactorDeferringLoadBalancerFilterConfig' of type [org.springframework.cloud.client.loadbalancer.reactive.LoadBalancerBeanPostProcessorAutoConfiguration$ReactorDeferringLoadBalancerFilterConfig] is not eligible for getting processed by all BeanPostProcessors (for example: not eligible for auto-proxying). Is this bean getting eagerly injected/applied to a currently created BeanPostProcessor [loadBalancerWebClientBuilderBeanPostProcessor]? Check the corresponding BeanPostProcessor declaration and its dependencies/advisors. If this bean does not have to be post-processed, declare it with ROLE_INFRASTRUCTURE.
2026-05-02T16:42:57.482+05:30  WARN 7456 --- [PRODUCT-SERVICE] [main] trationDelegate$BeanPostProcessorChecker : Bean 'reactorDeferringLoadBalancerExchangeFilterFunction' of type [org.springframework.cloud.client.loadbalancer.reactive.DeferringLoadBalancerExchangeFilterFunction] is not eligible for getting processed by all BeanPostProcessors (for example: not eligible for auto-proxying). Is this bean getting eagerly injected/applied to a currently created BeanPostProcessor [loadBalancerWebClientBuilderBeanPostProcessor]? Check the corresponding BeanPostProcessor declaration and its dependencies/advisors. If this bean does not have to be post-processed, declare it with ROLE_INFRASTRUCTURE.
2026-05-02T16:42:57.963+05:30  INFO 7456 --- [PRODUCT-SERVICE] [main] o.hibernate.jpa.internal.util.LogHelper  : HHH000204: Processing PersistenceUnitInfo [name: default]
2026-05-02T16:42:58.185+05:30  INFO 7456 --- [PRODUCT-SERVICE] [main] org.hibernate.Version                    : HHH000412: Hibernate ORM core version 6.5.3.Final
2026-05-02T16:42:58.298+05:30  INFO 7456 --- [PRODUCT-SERVICE] [main] o.h.c.internal.RegionFactoryInitiator    : HHH000026: Second-level cache disabled
2026-05-02T16:42:59.439+05:30  INFO 7456 --- [PRODUCT-SERVICE] [main] o.s.o.j.p.SpringPersistenceUnitInfo      : No LoadTimeWeaver setup: ignoring JPA class transformer
2026-05-02T16:42:59.522+05:30  INFO 7456 --- [PRODUCT-SERVICE] [main] com.zaxxer.hikari.HikariDataSource       : HikariPool-1 - Starting...
2026-05-02T16:43:00.121+05:30  INFO 7456 --- [PRODUCT-SERVICE] [main] com.zaxxer.hikari.pool.HikariPool        : HikariPool-1 - Added connection conn0: url=jdbc:h2:mem:testdb user=SA
2026-05-02T16:43:00.136+05:30  INFO 7456 --- [PRODUCT-SERVICE] [main] com.zaxxer.hikari.HikariDataSource       : HikariPool-1 - Start completed.
2026-05-02T16:43:00.280+05:30  WARN 7456 --- [PRODUCT-SERVICE] [main] org.hibernate.orm.deprecation            : HHH90000025: H2Dialect does not need to be specified explicitly using 'hibernate.dialect' (remove the property setting and it will be selected by default)
2026-05-02T16:43:03.239+05:30  INFO 7456 --- [PRODUCT-SERVICE] [main] o.h.e.t.j.p.i.JtaPlatformInitiator       : HHH000489: No JTA platform available (set 'hibernate.transaction.jta.platform' to enable JTA platform integration)
2026-05-02T16:43:03.299+05:30 DEBUG 7456 --- [PRODUCT-SERVICE] [main] org.hibernate.SQL                        : 
    drop table if exists categories cascade 
2026-05-02T16:43:03.309+05:30 DEBUG 7456 --- [PRODUCT-SERVICE] [main] org.hibernate.SQL                        : 
    drop table if exists products cascade 
2026-05-02T16:43:03.324+05:30 DEBUG 7456 --- [PRODUCT-SERVICE] [main] org.hibernate.SQL                        : 
    create table categories (
        category_id integer generated by default as identity,
        parent_category_id integer,
        created_at timestamp(6) with time zone,
        updated_at timestamp(6) with time zone,
        category_title varchar(255),
        image_url varchar(255),
        primary key (category_id)
    )
2026-05-02T16:43:03.411+05:30 DEBUG 7456 --- [PRODUCT-SERVICE] [main] org.hibernate.SQL                        : 
    create table products (
        category_id integer,
        price_unit decimal,
        product_id integer generated by default as identity,
        quantity integer,
        created_at timestamp(6) with time zone,
        updated_at timestamp(6) with time zone,
        image_url varchar(255),
        product_title varchar(255),
        sku varchar(255) unique,
        primary key (product_id)
    )
2026-05-02T16:43:03.425+05:30 DEBUG 7456 --- [PRODUCT-SERVICE] [main] org.hibernate.SQL                        : 
    alter table if exists categories 
       add constraint FK9il7y6fehxwunjeepq0n7g5rd 
       foreign key (parent_category_id) 
       references categories
2026-05-02T16:43:03.487+05:30 DEBUG 7456 --- [PRODUCT-SERVICE] [main] org.hibernate.SQL                        : 
    alter table if exists products 
       add constraint FKog2rp4qthbtt2lfyhfo32lsw9 
       foreign key (category_id) 
       references categories
2026-05-02T16:43:03.509+05:30  INFO 7456 --- [PRODUCT-SERVICE] [main] j.LocalContainerEntityManagerFactoryBean : Initialized JPA EntityManagerFactory for persistence unit 'default'
2026-05-02T16:43:04.864+05:30  INFO 7456 --- [PRODUCT-SERVICE] [main] o.s.d.j.r.query.QueryEnhancerFactory     : Hibernate is in classpath; If applicable, HQL parser will be used.
2026-05-02T16:43:05.909+05:30  WARN 7456 --- [PRODUCT-SERVICE] [main] o.s.w.c.s.GenericWebApplicationContext   : Exception encountered during context initialization - cancelling refresh attempt: org.springframework.beans.factory.BeanCreationException: Error creating bean with name 'baseSecurityConfig': Injection of autowired dependencies failed
2026-05-02T16:43:05.911+05:30  INFO 7456 --- [PRODUCT-SERVICE] [main] j.LocalContainerEntityManagerFactoryBean : Closing JPA EntityManagerFactory for persistence unit 'default'
2026-05-02T16:43:05.913+05:30 DEBUG 7456 --- [PRODUCT-SERVICE] [main] org.hibernate.SQL                        : 
    drop table if exists categories cascade 
2026-05-02T16:43:05.927+05:30 DEBUG 7456 --- [PRODUCT-SERVICE] [main] org.hibernate.SQL                        : 
    drop table if exists products cascade 
2026-05-02T16:43:05.942+05:30  INFO 7456 --- [PRODUCT-SERVICE] [main] com.zaxxer.hikari.HikariDataSource       : HikariPool-1 - Shutdown initiated...
2026-05-02T16:43:06.033+05:30  INFO 7456 --- [PRODUCT-SERVICE] [main] com.zaxxer.hikari.HikariDataSource       : HikariPool-1 - Shutdown completed.
2026-05-02T16:43:06.092+05:30  INFO 7456 --- [PRODUCT-SERVICE] [main] .s.b.a.l.ConditionEvaluationReportLogger : 

Error starting ApplicationContext. To display the condition evaluation report re-run your application with 'debug' enabled.
2026-05-02T16:43:06.145+05:30 ERROR 7456 --- [PRODUCT-SERVICE] [main] o.s.boot.SpringApplication               : Application run failed

org.springframework.beans.factory.BeanCreationException: Error creating bean with name 'baseSecurityConfig': Injection of autowired dependencies failed
	at org.springframework.beans.factory.annotation.AutowiredAnnotationBeanPostProcessor.postProcessProperties(AutowiredAnnotationBeanPostProcessor.java:515)
	at org.springframework.beans.factory.support.AbstractAutowireCapableBeanFactory.populateBean(AbstractAutowireCapableBeanFactory.java:1439)
	at org.springframework.beans.factory.support.AbstractAutowireCapableBeanFactory.doCreateBean(AbstractAutowireCapableBeanFactory.java:599)
	at org.springframework.beans.factory.support.AbstractAutowireCapableBeanFactory.createBean(AbstractAutowireCapableBeanFactory.java:522)
	at org.springframework.beans.factory.support.AbstractBeanFactory.lambda$doGetBean$0(AbstractBeanFactory.java:337)
	at org.springframework.beans.factory.support.DefaultSingletonBeanRegistry.getSingleton(DefaultSingletonBeanRegistry.java:234)
	at org.springframework.beans.factory.support.AbstractBeanFactory.doGetBean(AbstractBeanFactory.java:335)
	at org.springframework.beans.factory.support.AbstractBeanFactory.getBean(AbstractBeanFactory.java:200)
	at org.springframework.beans.factory.support.DefaultListableBeanFactory.preInstantiateSingletons(DefaultListableBeanFactory.java:975)
	at org.springframework.context.support.AbstractApplicationContext.finishBeanFactoryInitialization(AbstractApplicationContext.java:971)
	at org.springframework.context.support.AbstractApplicationContext.refresh(AbstractApplicationContext.java:625)
	at org.springframework.boot.SpringApplication.refresh(SpringApplication.java:754)
	at org.springframework.boot.SpringApplication.refreshContext(SpringApplication.java:456)
	at org.springframework.boot.SpringApplication.run(SpringApplication.java:335)
	at org.springframework.boot.test.context.SpringBootContextLoader.lambda$loadContext$3(SpringBootContextLoader.java:137)
	at org.springframework.util.function.ThrowingSupplier.get(ThrowingSupplier.java:58)
	at org.springframework.util.function.ThrowingSupplier.get(ThrowingSupplier.java:46)
	at org.springframework.boot.SpringApplication.withHook(SpringApplication.java:1463)
	at org.springframework.boot.test.context.SpringBootContextLoader$ContextLoaderHook.run(SpringBootContextLoader.java:553)
	at org.springframework.boot.test.context.SpringBootContextLoader.loadContext(SpringBootContextLoader.java:137)
	at org.springframework.boot.test.context.SpringBootContextLoader.loadContext(SpringBootContextLoader.java:108)
	at org.springframework.test.context.cache.DefaultCacheAwareContextLoaderDelegate.loadContextInternal(DefaultCacheAwareContextLoaderDelegate.java:225)
	at org.springframework.test.context.cache.DefaultCacheAwareContextLoaderDelegate.loadContext(DefaultCacheAwareContextLoaderDelegate.java:152)
	at org.springframework.test.context.support.DefaultTestContext.getApplicationContext(DefaultTestContext.java:130)
	at org.springframework.test.context.web.ServletTestExecutionListener.setUpRequestContextIfNecessary(ServletTestExecutionListener.java:191)
	at org.springframework.test.context.web.ServletTestExecutionListener.prepareTestInstance(ServletTestExecutionListener.java:130)
	at org.springframework.test.context.TestContextManager.prepareTestInstance(TestContextManager.java:260)
	at org.springframework.test.context.junit.jupiter.SpringExtension.postProcessTestInstance(SpringExtension.java:163)
	at org.junit.jupiter.engine.descriptor.ClassBasedTestDescriptor.lambda$invokeTestInstancePostProcessors$10(ClassBasedTestDescriptor.java:378)
	at org.junit.jupiter.engine.descriptor.ClassBasedTestDescriptor.executeAndMaskThrowable(ClassBasedTestDescriptor.java:383)
	at org.junit.jupiter.engine.descriptor.ClassBasedTestDescriptor.lambda$invokeTestInstancePostProcessors$11(ClassBasedTestDescriptor.java:378)
	at java.base/java.util.stream.ReferencePipeline$3$1.accept(ReferencePipeline.java:197)
	at java.base/java.util.stream.ReferencePipeline$2$1.accept(ReferencePipeline.java:179)
	at java.base/java.util.ArrayList$ArrayListSpliterator.forEachRemaining(ArrayList.java:1625)
	at java.base/java.util.stream.AbstractPipeline.copyInto(AbstractPipeline.java:509)
	at java.base/java.util.stream.AbstractPipeline.wrapAndCopyInto(AbstractPipeline.java:499)
	at java.base/java.util.stream.StreamSpliterators$WrappingSpliterator.forEachRemaining(StreamSpliterators.java:310)
	at java.base/java.util.stream.Streams$ConcatSpliterator.forEachRemaining(Streams.java:735)
	at java.base/java.util.stream.Streams$ConcatSpliterator.forEachRemaining(Streams.java:734)
	at java.base/java.util.stream.ReferencePipeline$Head.forEach(ReferencePipeline.java:762)
	at org.junit.jupiter.engine.descriptor.ClassBasedTestDescriptor.invokeTestInstancePostProcessors(ClassBasedTestDescriptor.java:377)
	at org.junit.jupiter.engine.descriptor.ClassBasedTestDescriptor.lambda$instantiateAndPostProcessTestInstance$6(ClassBasedTestDescriptor.java:290)
	at org.junit.platform.engine.support.hierarchical.ThrowableCollector.execute(ThrowableCollector.java:73)
	at org.junit.jupiter.engine.descriptor.ClassBasedTestDescriptor.instantiateAndPostProcessTestInstance(ClassBasedTestDescriptor.java:289)
	at org.junit.jupiter.engine.descriptor.ClassBasedTestDescriptor.lambda$testInstancesProvider$4(ClassBasedTestDescriptor.java:279)
	at java.base/java.util.Optional.orElseGet(Optional.java:364)
	at org.junit.jupiter.engine.descriptor.ClassBasedTestDescriptor.lambda$testInstancesProvider$5(ClassBasedTestDescriptor.java:278)
	at org.junit.jupiter.engine.execution.TestInstancesProvider.getTestInstances(TestInstancesProvider.java:31)
	at org.junit.jupiter.engine.descriptor.TestMethodTestDescriptor.lambda$prepare$0(TestMethodTestDescriptor.java:106)
	at org.junit.platform.engine.support.hierarchical.ThrowableCollector.execute(ThrowableCollector.java:73)
	at org.junit.jupiter.engine.descriptor.TestMethodTestDescriptor.prepare(TestMethodTestDescriptor.java:105)
	at org.junit.jupiter.engine.descriptor.TestMethodTestDescriptor.prepare(TestMethodTestDescriptor.java:69)
	at org.junit.platform.engine.support.hierarchical.NodeTestTask.lambda$prepare$2(NodeTestTask.java:128)
	at org.junit.platform.engine.support.hierarchical.ThrowableCollector.execute(ThrowableCollector.java:73)
	at org.junit.platform.engine.support.hierarchical.NodeTestTask.prepare(NodeTestTask.java:128)
	at org.junit.platform.engine.support.hierarchical.NodeTestTask.execute(NodeTestTask.java:95)
	at java.base/java.util.ArrayList.forEach(ArrayList.java:1511)
	at org.junit.platform.engine.support.hierarchical.SameThreadHierarchicalTestExecutorService.invokeAll(SameThreadHierarchicalTestExecutorService.java:41)
	at org.junit.platform.engine.support.hierarchical.NodeTestTask.lambda$executeRecursively$6(NodeTestTask.java:160)
	at org.junit.platform.engine.support.hierarchical.ThrowableCollector.execute(ThrowableCollector.java:73)
	at org.junit.platform.engine.support.hierarchical.NodeTestTask.lambda$executeRecursively$8(NodeTestTask.java:146)
	at org.junit.platform.engine.support.hierarchical.Node.around(Node.java:137)
	at org.junit.platform.engine.support.hierarchical.NodeTestTask.lambda$executeRecursively$9(NodeTestTask.java:144)
	at org.junit.platform.engine.support.hierarchical.ThrowableCollector.execute(ThrowableCollector.java:73)
	at org.junit.platform.engine.support.hierarchical.NodeTestTask.executeRecursively(NodeTestTask.java:143)
	at org.junit.platform.engine.support.hierarchical.NodeTestTask.execute(NodeTestTask.java:100)
	at java.base/java.util.ArrayList.forEach(ArrayList.java:1511)
	at org.junit.platform.engine.support.hierarchical.SameThreadHierarchicalTestExecutorService.invokeAll(SameThreadHierarchicalTestExecutorService.java:41)
	at org.junit.platform.engine.support.hierarchical.NodeTestTask.lambda$executeRecursively$6(NodeTestTask.java:160)
	at org.junit.platform.engine.support.hierarchical.ThrowableCollector.execute(ThrowableCollector.java:73)
	at org.junit.platform.engine.support.hierarchical.NodeTestTask.lambda$executeRecursively$8(NodeTestTask.java:146)
	at org.junit.platform.engine.support.hierarchical.Node.around(Node.java:137)
	at org.junit.platform.engine.support.hierarchical.NodeTestTask.lambda$executeRecursively$9(NodeTestTask.java:144)
	at org.junit.platform.engine.support.hierarchical.ThrowableCollector.execute(ThrowableCollector.java:73)
	at org.junit.platform.engine.support.hierarchical.NodeTestTask.executeRecursively(NodeTestTask.java:143)
	at org.junit.platform.engine.support.hierarchical.NodeTestTask.execute(NodeTestTask.java:100)
	at org.junit.platform.engine.support.hierarchical.SameThreadHierarchicalTestExecutorService.submit(SameThreadHierarchicalTestExecutorService.java:35)
	at org.junit.platform.engine.support.hierarchical.HierarchicalTestExecutor.execute(HierarchicalTestExecutor.java:57)
	at org.junit.platform.engine.support.hierarchical.HierarchicalTestEngine.execute(HierarchicalTestEngine.java:54)
	at org.junit.platform.launcher.core.EngineExecutionOrchestrator.execute(EngineExecutionOrchestrator.java:198)
	at org.junit.platform.launcher.core.EngineExecutionOrchestrator.execute(EngineExecutionOrchestrator.java:169)
	at org.junit.platform.launcher.core.EngineExecutionOrchestrator.execute(EngineExecutionOrchestrator.java:93)
	at org.junit.platform.launcher.core.EngineExecutionOrchestrator.lambda$execute$0(EngineExecutionOrchestrator.java:58)
	at org.junit.platform.launcher.core.EngineExecutionOrchestrator.withInterceptedStreams(EngineExecutionOrchestrator.java:141)
	at org.junit.platform.launcher.core.EngineExecutionOrchestrator.execute(EngineExecutionOrchestrator.java:57)
	at org.junit.platform.launcher.core.DefaultLauncher.execute(DefaultLauncher.java:103)
	at org.junit.platform.launcher.core.DefaultLauncher.execute(DefaultLauncher.java:85)
	at org.junit.platform.launcher.core.DelegatingLauncher.execute(DelegatingLauncher.java:47)
	at org.apache.maven.surefire.junitplatform.LazyLauncher.execute(LazyLauncher.java:56)
	at org.apache.maven.surefire.junitplatform.JUnitPlatformProvider.execute(JUnitPlatformProvider.java:184)
	at org.apache.maven.surefire.junitplatform.JUnitPlatformProvider.invokeAllTests(JUnitPlatformProvider.java:148)
	at org.apache.maven.surefire.junitplatform.JUnitPlatformProvider.invoke(JUnitPlatformProvider.java:122)
	at org.apache.maven.surefire.booter.ForkedBooter.runSuitesInProcess(ForkedBooter.java:385)
	at org.apache.maven.surefire.booter.ForkedBooter.execute(ForkedBooter.java:162)
	at org.apache.maven.surefire.booter.ForkedBooter.run(ForkedBooter.java:507)
	at org.apache.maven.surefire.booter.ForkedBooter.main(ForkedBooter.java:495)
Caused by: java.lang.IllegalArgumentException: Could not resolve placeholder 'jwt.secret' in value "${jwt.secret}"
	at org.springframework.util.PropertyPlaceholderHelper.parseStringValue(PropertyPlaceholderHelper.java:180)
	at org.springframework.util.PropertyPlaceholderHelper.replacePlaceholders(PropertyPlaceholderHelper.java:126)
	at org.springframework.core.env.AbstractPropertyResolver.doResolvePlaceholders(AbstractPropertyResolver.java:239)
	at org.springframework.core.env.AbstractPropertyResolver.resolveRequiredPlaceholders(AbstractPropertyResolver.java:210)
	at org.springframework.context.support.PropertySourcesPlaceholderConfigurer.lambda$processProperties$0(PropertySourcesPlaceholderConfigurer.java:200)
	at org.springframework.beans.factory.support.AbstractBeanFactory.resolveEmbeddedValue(AbstractBeanFactory.java:964)
	at org.springframework.beans.factory.support.DefaultListableBeanFactory.doResolveDependency(DefaultListableBeanFactory.java:1374)
	at org.springframework.beans.factory.support.DefaultListableBeanFactory.resolveDependency(DefaultListableBeanFactory.java:1353)
	at org.springframework.beans.factory.annotation.AutowiredAnnotationBeanPostProcessor$AutowiredFieldElement.resolveFieldValue(AutowiredAnnotationBeanPostProcessor.java:785)
	at org.springframework.beans.factory.annotation.AutowiredAnnotationBeanPostProcessor$AutowiredFieldElement.inject(AutowiredAnnotationBeanPostProcessor.java:768)
	at org.springframework.beans.factory.annotation.InjectionMetadata.inject(InjectionMetadata.java:145)
	at org.springframework.beans.factory.annotation.AutowiredAnnotationBeanPostProcessor.postProcessProperties(AutowiredAnnotationBeanPostProcessor.java:509)
	... 95 common frames omitted

2026-05-02T16:43:06.339+05:30  WARN 7456 --- [PRODUCT-SERVICE] [main] o.s.test.context.TestContextManager      : Caught exception while allowing TestExecutionListener [org.springframework.test.context.web.ServletTestExecutionListener] to prepare test instance [com.ecommerce.product_service.ProductServiceApplicationTests@794fbf0d]

java.lang.IllegalStateException: Failed to load ApplicationContext for [WebMergedContextConfiguration@74efc394 testClass = com.ecommerce.product_service.ProductServiceApplicationTests, locations = [], classes = [com.ecommerce.product_service.ProductServiceApplication], contextInitializerClasses = [], activeProfiles = ["test"], propertySourceDescriptors = [], propertySourceProperties = ["org.springframework.boot.test.context.SpringBootTestContextBootstrapper=true"], contextCustomizers = [org.springframework.boot.test.context.filter.ExcludeFilterContextCustomizer@3fa247d1, org.springframework.boot.test.json.DuplicateJsonObjectContextCustomizerFactory$DuplicateJsonObjectContextCustomizer@64e7619d, org.springframework.boot.test.mock.mockito.MockitoContextCustomizer@0, org.springframework.boot.test.web.client.TestRestTemplateContextCustomizer@6736fa8d, org.springframework.boot.test.web.reactive.server.WebTestClientContextCustomizer@4bd31064, org.springframework.boot.test.web.reactor.netty.DisableReactorResourceFactoryGlobalResourcesContextCustomizerFactory$DisableReactorResourceFactoryGlobalResourcesContextCustomizerCustomizer@5d99c6b5, org.springframework.boot.test.autoconfigure.OnFailureConditionReportContextCustomizerFactory$OnFailureConditionReportContextCustomizer@24c4ddae, org.springframework.boot.test.autoconfigure.actuate.observability.ObservabilityContextCustomizerFactory$DisableObservabilityContextCustomizer@1f, org.springframework.boot.test.autoconfigure.properties.PropertyMappingContextCustomizer@0, org.springframework.boot.test.autoconfigure.web.servlet.WebDriverContextCustomizer@658c5a19, org.springframework.boot.test.context.SpringBootTestAnnotation@5c62542b], resourceBasePath = "src/main/webapp", contextLoader = org.springframework.boot.test.context.SpringBootContextLoader, parent = null]
	at org.springframework.test.context.cache.DefaultCacheAwareContextLoaderDelegate.loadContext(DefaultCacheAwareContextLoaderDelegate.java:180)
	at org.springframework.test.context.support.DefaultTestContext.getApplicationContext(DefaultTestContext.java:130)
	at org.springframework.test.context.web.ServletTestExecutionListener.setUpRequestContextIfNecessary(ServletTestExecutionListener.java:191)
	at org.springframework.test.context.web.ServletTestExecutionListener.prepareTestInstance(ServletTestExecutionListener.java:130)
	at org.springframework.test.context.TestContextManager.prepareTestInstance(TestContextManager.java:260)
	at org.springframework.test.context.junit.jupiter.SpringExtension.postProcessTestInstance(SpringExtension.java:163)
	at org.junit.jupiter.engine.descriptor.ClassBasedTestDescriptor.lambda$invokeTestInstancePostProcessors$10(ClassBasedTestDescriptor.java:378)
	at org.junit.jupiter.engine.descriptor.ClassBasedTestDescriptor.executeAndMaskThrowable(ClassBasedTestDescriptor.java:383)
	at org.junit.jupiter.engine.descriptor.ClassBasedTestDescriptor.lambda$invokeTestInstancePostProcessors$11(ClassBasedTestDescriptor.java:378)
	at java.base/java.util.stream.ReferencePipeline$3$1.accept(ReferencePipeline.java:197)
	at java.base/java.util.stream.ReferencePipeline$2$1.accept(ReferencePipeline.java:179)
	at java.base/java.util.ArrayList$ArrayListSpliterator.forEachRemaining(ArrayList.java:1625)
	at java.base/java.util.stream.AbstractPipeline.copyInto(AbstractPipeline.java:509)
	at java.base/java.util.stream.AbstractPipeline.wrapAndCopyInto(AbstractPipeline.java:499)
	at java.base/java.util.stream.StreamSpliterators$WrappingSpliterator.forEachRemaining(StreamSpliterators.java:310)
	at java.base/java.util.stream.Streams$ConcatSpliterator.forEachRemaining(Streams.java:735)
	at java.base/java.util.stream.Streams$ConcatSpliterator.forEachRemaining(Streams.java:734)
	at java.base/java.util.stream.ReferencePipeline$Head.forEach(ReferencePipeline.java:762)
	at org.junit.jupiter.engine.descriptor.ClassBasedTestDescriptor.invokeTestInstancePostProcessors(ClassBasedTestDescriptor.java:377)
	at org.junit.jupiter.engine.descriptor.ClassBasedTestDescriptor.lambda$instantiateAndPostProcessTestInstance$6(ClassBasedTestDescriptor.java:290)
	at org.junit.platform.engine.support.hierarchical.ThrowableCollector.execute(ThrowableCollector.java:73)
	at org.junit.jupiter.engine.descriptor.ClassBasedTestDescriptor.instantiateAndPostProcessTestInstance(ClassBasedTestDescriptor.java:289)
	at org.junit.jupiter.engine.descriptor.ClassBasedTestDescriptor.lambda$testInstancesProvider$4(ClassBasedTestDescriptor.java:279)
	at java.base/java.util.Optional.orElseGet(Optional.java:364)
	at org.junit.jupiter.engine.descriptor.ClassBasedTestDescriptor.lambda$testInstancesProvider$5(ClassBasedTestDescriptor.java:278)
	at org.junit.jupiter.engine.execution.TestInstancesProvider.getTestInstances(TestInstancesProvider.java:31)
	at org.junit.jupiter.engine.descriptor.TestMethodTestDescriptor.lambda$prepare$0(TestMethodTestDescriptor.java:106)
	at org.junit.platform.engine.support.hierarchical.ThrowableCollector.execute(ThrowableCollector.java:73)
	at org.junit.jupiter.engine.descriptor.TestMethodTestDescriptor.prepare(TestMethodTestDescriptor.java:105)
	at org.junit.jupiter.engine.descriptor.TestMethodTestDescriptor.prepare(TestMethodTestDescriptor.java:69)
	at org.junit.platform.engine.support.hierarchical.NodeTestTask.lambda$prepare$2(NodeTestTask.java:128)
	at org.junit.platform.engine.support.hierarchical.ThrowableCollector.execute(ThrowableCollector.java:73)
	at org.junit.platform.engine.support.hierarchical.NodeTestTask.prepare(NodeTestTask.java:128)
	at org.junit.platform.engine.support.hierarchical.NodeTestTask.execute(NodeTestTask.java:95)
	at java.base/java.util.ArrayList.forEach(ArrayList.java:1511)
	at org.junit.platform.engine.support.hierarchical.SameThreadHierarchicalTestExecutorService.invokeAll(SameThreadHierarchicalTestExecutorService.java:41)
	at org.junit.platform.engine.support.hierarchical.NodeTestTask.lambda$executeRecursively$6(NodeTestTask.java:160)
	at org.junit.platform.engine.support.hierarchical.ThrowableCollector.execute(ThrowableCollector.java:73)
	at org.junit.platform.engine.support.hierarchical.NodeTestTask.lambda$executeRecursively$8(NodeTestTask.java:146)
	at org.junit.platform.engine.support.hierarchical.Node.around(Node.java:137)
	at org.junit.platform.engine.support.hierarchical.NodeTestTask.lambda$executeRecursively$9(NodeTestTask.java:144)
	at org.junit.platform.engine.support.hierarchical.ThrowableCollector.execute(ThrowableCollector.java:73)
	at org.junit.platform.engine.support.hierarchical.NodeTestTask.executeRecursively(NodeTestTask.java:143)
	at org.junit.platform.engine.support.hierarchical.NodeTestTask.execute(NodeTestTask.java:100)
	at java.base/java.util.ArrayList.forEach(ArrayList.java:1511)
	at org.junit.platform.engine.support.hierarchical.SameThreadHierarchicalTestExecutorService.invokeAll(SameThreadHierarchicalTestExecutorService.java:41)
	at org.junit.platform.engine.support.hierarchical.NodeTestTask.lambda$executeRecursively$6(NodeTestTask.java:160)
	at org.junit.platform.engine.support.hierarchical.ThrowableCollector.execute(ThrowableCollector.java:73)
	at org.junit.platform.engine.support.hierarchical.NodeTestTask.lambda$executeRecursively$8(NodeTestTask.java:146)
	at org.junit.platform.engine.support.hierarchical.Node.around(Node.java:137)
	at org.junit.platform.engine.support.hierarchical.NodeTestTask.lambda$executeRecursively$9(NodeTestTask.java:144)
	at org.junit.platform.engine.support.hierarchical.ThrowableCollector.execute(ThrowableCollector.java:73)
	at org.junit.platform.engine.support.hierarchical.NodeTestTask.executeRecursively(NodeTestTask.java:143)
	at org.junit.platform.engine.support.hierarchical.NodeTestTask.execute(NodeTestTask.java:100)
	at org.junit.platform.engine.support.hierarchical.SameThreadHierarchicalTestExecutorService.submit(SameThreadHierarchicalTestExecutorService.java:35)
	at org.junit.platform.engine.support.hierarchical.HierarchicalTestExecutor.execute(HierarchicalTestExecutor.java:57)
	at org.junit.platform.engine.support.hierarchical.HierarchicalTestEngine.execute(HierarchicalTestEngine.java:54)
	at org.junit.platform.launcher.core.EngineExecutionOrchestrator.execute(EngineExecutionOrchestrator.java:198)
	at org.junit.platform.launcher.core.EngineExecutionOrchestrator.execute(EngineExecutionOrchestrator.java:169)
	at org.junit.platform.launcher.core.EngineExecutionOrchestrator.execute(EngineExecutionOrchestrator.java:93)
	at org.junit.platform.launcher.core.EngineExecutionOrchestrator.lambda$execute$0(EngineExecutionOrchestrator.java:58)
	at org.junit.platform.launcher.core.EngineExecutionOrchestrator.withInterceptedStreams(EngineExecutionOrchestrator.java:141)
	at org.junit.platform.launcher.core.EngineExecutionOrchestrator.execute(EngineExecutionOrchestrator.java:57)
	at org.junit.platform.launcher.core.DefaultLauncher.execute(DefaultLauncher.java:103)
	at org.junit.platform.launcher.core.DefaultLauncher.execute(DefaultLauncher.java:85)
	at org.junit.platform.launcher.core.DelegatingLauncher.execute(DelegatingLauncher.java:47)
	at org.apache.maven.surefire.junitplatform.LazyLauncher.execute(LazyLauncher.java:56)
	at org.apache.maven.surefire.junitplatform.JUnitPlatformProvider.execute(JUnitPlatformProvider.java:184)
	at org.apache.maven.surefire.junitplatform.JUnitPlatformProvider.invokeAllTests(JUnitPlatformProvider.java:148)
	at org.apache.maven.surefire.junitplatform.JUnitPlatformProvider.invoke(JUnitPlatformProvider.java:122)
	at org.apache.maven.surefire.booter.ForkedBooter.runSuitesInProcess(ForkedBooter.java:385)
	at org.apache.maven.surefire.booter.ForkedBooter.execute(ForkedBooter.java:162)
	at org.apache.maven.surefire.booter.ForkedBooter.run(ForkedBooter.java:507)
	at org.apache.maven.surefire.booter.ForkedBooter.main(ForkedBooter.java:495)
Caused by: org.springframework.beans.factory.BeanCreationException: Error creating bean with name 'baseSecurityConfig': Injection of autowired dependencies failed
	at org.springframework.beans.factory.annotation.AutowiredAnnotationBeanPostProcessor.postProcessProperties(AutowiredAnnotationBeanPostProcessor.java:515)
	at org.springframework.beans.factory.support.AbstractAutowireCapableBeanFactory.populateBean(AbstractAutowireCapableBeanFactory.java:1439)
	at org.springframework.beans.factory.support.AbstractAutowireCapableBeanFactory.doCreateBean(AbstractAutowireCapableBeanFactory.java:599)
	at org.springframework.beans.factory.support.AbstractAutowireCapableBeanFactory.createBean(AbstractAutowireCapableBeanFactory.java:522)
	at org.springframework.beans.factory.support.AbstractBeanFactory.lambda$doGetBean$0(AbstractBeanFactory.java:337)
	at org.springframework.beans.factory.support.DefaultSingletonBeanRegistry.getSingleton(DefaultSingletonBeanRegistry.java:234)
	at org.springframework.beans.factory.support.AbstractBeanFactory.doGetBean(AbstractBeanFactory.java:335)
	at org.springframework.beans.factory.support.AbstractBeanFactory.getBean(AbstractBeanFactory.java:200)
	at org.springframework.beans.factory.support.DefaultListableBeanFactory.preInstantiateSingletons(DefaultListableBeanFactory.java:975)
	at org.springframework.context.support.AbstractApplicationContext.finishBeanFactoryInitialization(AbstractApplicationContext.java:971)
	at org.springframework.context.support.AbstractApplicationContext.refresh(AbstractApplicationContext.java:625)
	at org.springframework.boot.SpringApplication.refresh(SpringApplication.java:754)
	at org.springframework.boot.SpringApplication.refreshContext(SpringApplication.java:456)
	at org.springframework.boot.SpringApplication.run(SpringApplication.java:335)
	at org.springframework.boot.test.context.SpringBootContextLoader.lambda$loadContext$3(SpringBootContextLoader.java:137)
	at org.springframework.util.function.ThrowingSupplier.get(ThrowingSupplier.java:58)
	at org.springframework.util.function.ThrowingSupplier.get(ThrowingSupplier.java:46)
	at org.springframework.boot.SpringApplication.withHook(SpringApplication.java:1463)
	at org.springframework.boot.test.context.SpringBootContextLoader$ContextLoaderHook.run(SpringBootContextLoader.java:553)
	at org.springframework.boot.test.context.SpringBootContextLoader.loadContext(SpringBootContextLoader.java:137)
	at org.springframework.boot.test.context.SpringBootContextLoader.loadContext(SpringBootContextLoader.java:108)
	at org.springframework.test.context.cache.DefaultCacheAwareContextLoaderDelegate.loadContextInternal(DefaultCacheAwareContextLoaderDelegate.java:225)
	at org.springframework.test.context.cache.DefaultCacheAwareContextLoaderDelegate.loadContext(DefaultCacheAwareContextLoaderDelegate.java:152)
	... 73 common frames omitted
Caused by: java.lang.IllegalArgumentException: Could not resolve placeholder 'jwt.secret' in value "${jwt.secret}"
	at org.springframework.util.PropertyPlaceholderHelper.parseStringValue(PropertyPlaceholderHelper.java:180)
	at org.springframework.util.PropertyPlaceholderHelper.replacePlaceholders(PropertyPlaceholderHelper.java:126)
	at org.springframework.core.env.AbstractPropertyResolver.doResolvePlaceholders(AbstractPropertyResolver.java:239)
	at org.springframework.core.env.AbstractPropertyResolver.resolveRequiredPlaceholders(AbstractPropertyResolver.java:210)
	at org.springframework.context.support.PropertySourcesPlaceholderConfigurer.lambda$processProperties$0(PropertySourcesPlaceholderConfigurer.java:200)
	at org.springframework.beans.factory.support.AbstractBeanFactory.resolveEmbeddedValue(AbstractBeanFactory.java:964)
	at org.springframework.beans.factory.support.DefaultListableBeanFactory.doResolveDependency(DefaultListableBeanFactory.java:1374)
	at org.springframework.beans.factory.support.DefaultListableBeanFactory.resolveDependency(DefaultListableBeanFactory.java:1353)
	at org.springframework.beans.factory.annotation.AutowiredAnnotationBeanPostProcessor$AutowiredFieldElement.resolveFieldValue(AutowiredAnnotationBeanPostProcessor.java:785)
	at org.springframework.beans.factory.annotation.AutowiredAnnotationBeanPostProcessor$AutowiredFieldElement.inject(AutowiredAnnotationBeanPostProcessor.java:768)
	at org.springframework.beans.factory.annotation.InjectionMetadata.inject(InjectionMetadata.java:145)
	at org.springframework.beans.factory.annotation.AutowiredAnnotationBeanPostProcessor.postProcessProperties(AutowiredAnnotationBeanPostProcessor.java:509)
	... 95 common frames omitted

2026-05-02T16:47:52.007+05:30  INFO 23724 --- [PRODUCT-SERVICE] [main] c.e.p.ProductServiceApplicationTests     : Starting ProductServiceApplicationTests using Java 17.0.12 with PID 23724 (started by tiwar in E:\Personal\microservices-learning\ecommerce-microservices-learning\product-service)
2026-05-02T16:47:52.014+05:30  INFO 23724 --- [PRODUCT-SERVICE] [main] c.e.p.ProductServiceApplicationTests     : The following 1 profile is active: "test"
2026-05-02T16:47:55.186+05:30  INFO 23724 --- [PRODUCT-SERVICE] [main] .s.d.r.c.RepositoryConfigurationDelegate : Bootstrapping Spring Data JPA repositories in DEFAULT mode.
2026-05-02T16:47:55.509+05:30  INFO 23724 --- [PRODUCT-SERVICE] [main] .s.d.r.c.RepositoryConfigurationDelegate : Finished Spring Data repository scanning in 299 ms. Found 3 JPA repository interfaces.
2026-05-02T16:47:56.725+05:30  INFO 23724 --- [PRODUCT-SERVICE] [main] o.s.cloud.context.scope.GenericScope     : BeanFactory id=27a8cbbf-21a1-39d0-a201-04646ec854ad
2026-05-02T16:47:57.466+05:30  WARN 23724 --- [PRODUCT-SERVICE] [main] trationDelegate$BeanPostProcessorChecker : Bean 'org.springframework.cloud.client.loadbalancer.LoadBalancerAutoConfiguration$DeferringLoadBalancerInterceptorConfig' of type [org.springframework.cloud.client.loadbalancer.LoadBalancerAutoConfiguration$DeferringLoadBalancerInterceptorConfig] is not eligible for getting processed by all BeanPostProcessors (for example: not eligible for auto-proxying). The currently created BeanPostProcessor [lbRestClientPostProcessor] is declared through a non-static factory method on that class; consider declaring it as static instead.
2026-05-02T16:47:57.474+05:30  WARN 23724 --- [PRODUCT-SERVICE] [main] trationDelegate$BeanPostProcessorChecker : Bean 'deferringLoadBalancerInterceptor' of type [org.springframework.cloud.client.loadbalancer.DeferringLoadBalancerInterceptor] is not eligible for getting processed by all BeanPostProcessors (for example: not eligible for auto-proxying). Is this bean getting eagerly injected/applied to a currently created BeanPostProcessor [lbRestClientPostProcessor]? Check the corresponding BeanPostProcessor declaration and its dependencies/advisors. If this bean does not have to be post-processed, declare it with ROLE_INFRASTRUCTURE.
2026-05-02T16:47:57.483+05:30  WARN 23724 --- [PRODUCT-SERVICE] [main] trationDelegate$BeanPostProcessorChecker : Bean 'org.springframework.cloud.client.loadbalancer.reactive.LoadBalancerBeanPostProcessorAutoConfiguration' of type [org.springframework.cloud.client.loadbalancer.reactive.LoadBalancerBeanPostProcessorAutoConfiguration] is not eligible for getting processed by all BeanPostProcessors (for example: not eligible for auto-proxying). The currently created BeanPostProcessor [loadBalancerWebClientBuilderBeanPostProcessor] is declared through a non-static factory method on that class; consider declaring it as static instead.
2026-05-02T16:47:57.487+05:30  WARN 23724 --- [PRODUCT-SERVICE] [main] trationDelegate$BeanPostProcessorChecker : Bean 'org.springframework.cloud.client.loadbalancer.reactive.LoadBalancerBeanPostProcessorAutoConfiguration$ReactorDeferringLoadBalancerFilterConfig' of type [org.springframework.cloud.client.loadbalancer.reactive.LoadBalancerBeanPostProcessorAutoConfiguration$ReactorDeferringLoadBalancerFilterConfig] is not eligible for getting processed by all BeanPostProcessors (for example: not eligible for auto-proxying). Is this bean getting eagerly injected/applied to a currently created BeanPostProcessor [loadBalancerWebClientBuilderBeanPostProcessor]? Check the corresponding BeanPostProcessor declaration and its dependencies/advisors. If this bean does not have to be post-processed, declare it with ROLE_INFRASTRUCTURE.
2026-05-02T16:47:57.490+05:30  WARN 23724 --- [PRODUCT-SERVICE] [main] trationDelegate$BeanPostProcessorChecker : Bean 'reactorDeferringLoadBalancerExchangeFilterFunction' of type [org.springframework.cloud.client.loadbalancer.reactive.DeferringLoadBalancerExchangeFilterFunction] is not eligible for getting processed by all BeanPostProcessors (for example: not eligible for auto-proxying). Is this bean getting eagerly injected/applied to a currently created BeanPostProcessor [loadBalancerWebClientBuilderBeanPostProcessor]? Check the corresponding BeanPostProcessor declaration and its dependencies/advisors. If this bean does not have to be post-processed, declare it with ROLE_INFRASTRUCTURE.
2026-05-02T16:47:57.840+05:30  INFO 23724 --- [PRODUCT-SERVICE] [main] o.hibernate.jpa.internal.util.LogHelper  : HHH000204: Processing PersistenceUnitInfo [name: default]
2026-05-02T16:47:58.045+05:30  INFO 23724 --- [PRODUCT-SERVICE] [main] org.hibernate.Version                    : HHH000412: Hibernate ORM core version 6.5.3.Final
2026-05-02T16:47:58.184+05:30  INFO 23724 --- [PRODUCT-SERVICE] [main] o.h.c.internal.RegionFactoryInitiator    : HHH000026: Second-level cache disabled
2026-05-02T16:47:58.865+05:30  INFO 23724 --- [PRODUCT-SERVICE] [main] o.s.o.j.p.SpringPersistenceUnitInfo      : No LoadTimeWeaver setup: ignoring JPA class transformer
2026-05-02T16:47:58.921+05:30  INFO 23724 --- [PRODUCT-SERVICE] [main] com.zaxxer.hikari.HikariDataSource       : HikariPool-1 - Starting...
2026-05-02T16:47:59.246+05:30  INFO 23724 --- [PRODUCT-SERVICE] [main] com.zaxxer.hikari.pool.HikariPool        : HikariPool-1 - Added connection conn0: url=jdbc:h2:mem:testdb user=SA
2026-05-02T16:47:59.248+05:30  INFO 23724 --- [PRODUCT-SERVICE] [main] com.zaxxer.hikari.HikariDataSource       : HikariPool-1 - Start completed.
2026-05-02T16:47:59.283+05:30  WARN 23724 --- [PRODUCT-SERVICE] [main] org.hibernate.orm.deprecation            : HHH90000025: H2Dialect does not need to be specified explicitly using 'hibernate.dialect' (remove the property setting and it will be selected by default)
2026-05-02T16:48:00.948+05:30  INFO 23724 --- [PRODUCT-SERVICE] [main] o.h.e.t.j.p.i.JtaPlatformInitiator       : HHH000489: No JTA platform available (set 'hibernate.transaction.jta.platform' to enable JTA platform integration)
2026-05-02T16:48:00.988+05:30 DEBUG 23724 --- [PRODUCT-SERVICE] [main] org.hibernate.SQL                        : 
    drop table if exists categories cascade 
2026-05-02T16:48:01.001+05:30 DEBUG 23724 --- [PRODUCT-SERVICE] [main] org.hibernate.SQL                        : 
    drop table if exists products cascade 
2026-05-02T16:48:01.020+05:30 DEBUG 23724 --- [PRODUCT-SERVICE] [main] org.hibernate.SQL                        : 
    create table categories (
        category_id integer generated by default as identity,
        parent_category_id integer,
        created_at timestamp(6) with time zone,
        updated_at timestamp(6) with time zone,
        category_title varchar(255),
        image_url varchar(255),
        primary key (category_id)
    )
2026-05-02T16:48:01.045+05:30 DEBUG 23724 --- [PRODUCT-SERVICE] [main] org.hibernate.SQL                        : 
    create table products (
        category_id integer,
        price_unit decimal,
        product_id integer generated by default as identity,
        quantity integer,
        created_at timestamp(6) with time zone,
        updated_at timestamp(6) with time zone,
        image_url varchar(255),
        product_title varchar(255),
        sku varchar(255) unique,
        primary key (product_id)
    )
2026-05-02T16:48:01.052+05:30 DEBUG 23724 --- [PRODUCT-SERVICE] [main] org.hibernate.SQL                        : 
    alter table if exists categories 
       add constraint FK9il7y6fehxwunjeepq0n7g5rd 
       foreign key (parent_category_id) 
       references categories
2026-05-02T16:48:01.080+05:30 DEBUG 23724 --- [PRODUCT-SERVICE] [main] org.hibernate.SQL                        : 
    alter table if exists products 
       add constraint FKog2rp4qthbtt2lfyhfo32lsw9 
       foreign key (category_id) 
       references categories
2026-05-02T16:48:01.088+05:30  INFO 23724 --- [PRODUCT-SERVICE] [main] j.LocalContainerEntityManagerFactoryBean : Initialized JPA EntityManagerFactory for persistence unit 'default'
2026-05-02T16:48:01.855+05:30  INFO 23724 --- [PRODUCT-SERVICE] [main] o.s.d.j.r.query.QueryEnhancerFactory     : Hibernate is in classpath; If applicable, HQL parser will be used.
2026-05-02T16:48:02.790+05:30  WARN 23724 --- [PRODUCT-SERVICE] [main] JpaBaseConfiguration$JpaWebConfiguration : spring.jpa.open-in-view is enabled by default. Therefore, database queries may be performed during view rendering. Explicitly configure spring.jpa.open-in-view to disable this warning
2026-05-02T16:48:04.609+05:30  INFO 23724 --- [PRODUCT-SERVICE] [main] o.s.b.a.h2.H2ConsoleAutoConfiguration    : H2 console available at '/h2-console'. Database available at 'jdbc:h2:mem:testdb'
2026-05-02T16:48:06.297+05:30  INFO 23724 --- [PRODUCT-SERVICE] [main] DiscoveryClientOptionalArgsConfiguration : Eureka HTTP Client uses RestTemplate.
2026-05-02T16:48:06.891+05:30  WARN 23724 --- [PRODUCT-SERVICE] [main] iguration$LoadBalancerCaffeineWarnLogger : Spring Cloud LoadBalancer is currently working with the default cache. While this cache implementation is useful for development and tests, it's recommended to use Caffeine cache in production.You can switch to using Caffeine cache, by adding it and org.springframework.cache.caffeine.CaffeineCacheManager to the classpath.
2026-05-02T16:48:07.073+05:30  INFO 23724 --- [PRODUCT-SERVICE] [main] o.s.c.n.eureka.InstanceInfoFactory       : Setting initial instance status as: STARTING
2026-05-02T16:48:07.140+05:30  INFO 23724 --- [PRODUCT-SERVICE] [main] com.netflix.discovery.DiscoveryClient    : Initializing Eureka in region us-east-1
2026-05-02T16:48:07.151+05:30  INFO 23724 --- [PRODUCT-SERVICE] [main] c.n.d.s.r.aws.ConfigClusterResolver      : Resolving eureka endpoints via configuration
2026-05-02T16:48:07.186+05:30  INFO 23724 --- [PRODUCT-SERVICE] [main] com.netflix.discovery.DiscoveryClient    : Disable delta property : false
2026-05-02T16:48:07.187+05:30  INFO 23724 --- [PRODUCT-SERVICE] [main] com.netflix.discovery.DiscoveryClient    : Single vip registry refresh property : null
2026-05-02T16:48:07.188+05:30  INFO 23724 --- [PRODUCT-SERVICE] [main] com.netflix.discovery.DiscoveryClient    : Force full registry fetch : false
2026-05-02T16:48:07.188+05:30  INFO 23724 --- [PRODUCT-SERVICE] [main] com.netflix.discovery.DiscoveryClient    : Application is null : false
2026-05-02T16:48:07.188+05:30  INFO 23724 --- [PRODUCT-SERVICE] [main] com.netflix.discovery.DiscoveryClient    : Registered Applications size is zero : true
2026-05-02T16:48:07.188+05:30  INFO 23724 --- [PRODUCT-SERVICE] [main] com.netflix.discovery.DiscoveryClient    : Application version is -1: true
2026-05-02T16:48:07.188+05:30  INFO 23724 --- [PRODUCT-SERVICE] [main] com.netflix.discovery.DiscoveryClient    : Getting all instance registry info from the eureka server
2026-05-02T16:48:08.080+05:30  INFO 23724 --- [PRODUCT-SERVICE] [main] com.netflix.discovery.DiscoveryClient    : The response status is 200
2026-05-02T16:48:08.083+05:30  INFO 23724 --- [PRODUCT-SERVICE] [main] com.netflix.discovery.DiscoveryClient    : Starting heartbeat executor: renew interval is: 30
2026-05-02T16:48:08.087+05:30  INFO 23724 --- [PRODUCT-SERVICE] [main] c.n.discovery.InstanceInfoReplicator     : InstanceInfoReplicator onDemand update allowed rate per min is 4
2026-05-02T16:48:08.092+05:30  INFO 23724 --- [PRODUCT-SERVICE] [main] com.netflix.discovery.DiscoveryClient    : Discovery Client initialized at timestamp 1777720688090 with initial instances count: 2
2026-05-02T16:48:08.104+05:30  INFO 23724 --- [PRODUCT-SERVICE] [main] o.s.c.n.e.s.EurekaServiceRegistry        : Registering application PRODUCT-SERVICE with eureka with status UP
2026-05-02T16:48:08.110+05:30  INFO 23724 --- [PRODUCT-SERVICE] [main] com.netflix.discovery.DiscoveryClient    : Saw local status change event StatusChangeEvent [timestamp=1777720688110, current=UP, previous=STARTING]
2026-05-02T16:48:08.117+05:30  INFO 23724 --- [PRODUCT-SERVICE] [DiscoveryClient-InstanceInfoReplicator-%d] com.netflix.discovery.DiscoveryClient    : DiscoveryClient_PRODUCT-SERVICE/DESKTOP-SK8VECG:PRODUCT-SERVICE:8086: registering service...
2026-05-02T16:48:08.171+05:30  INFO 23724 --- [PRODUCT-SERVICE] [main] c.e.p.ProductServiceApplicationTests     : Started ProductServiceApplicationTests in 18.39 seconds (process running for 20.649)
2026-05-02T16:48:08.256+05:30  INFO 23724 --- [PRODUCT-SERVICE] [DiscoveryClient-InstanceInfoReplicator-%d] com.netflix.discovery.DiscoveryClient    : DiscoveryClient_PRODUCT-SERVICE/DESKTOP-SK8VECG:PRODUCT-SERVICE:8086 - registration status: 204
2026-05-02T16:48:09.209+05:30  INFO 23724 --- [PRODUCT-SERVICE] [SpringApplicationShutdownHook] o.s.c.n.e.s.EurekaServiceRegistry        : Unregistering application PRODUCT-SERVICE with eureka with status DOWN
2026-05-02T16:48:09.209+05:30  INFO 23724 --- [PRODUCT-SERVICE] [SpringApplicationShutdownHook] com.netflix.discovery.DiscoveryClient    : Saw local status change event StatusChangeEvent [timestamp=1777720689209, current=DOWN, previous=UP]
2026-05-02T16:48:09.211+05:30  INFO 23724 --- [PRODUCT-SERVICE] [DiscoveryClient-InstanceInfoReplicator-%d] com.netflix.discovery.DiscoveryClient    : DiscoveryClient_PRODUCT-SERVICE/DESKTOP-SK8VECG:PRODUCT-SERVICE:8086: registering service...
2026-05-02T16:48:09.224+05:30  INFO 23724 --- [PRODUCT-SERVICE] [DiscoveryClient-InstanceInfoReplicator-%d] com.netflix.discovery.DiscoveryClient    : DiscoveryClient_PRODUCT-SERVICE/DESKTOP-SK8VECG:PRODUCT-SERVICE:8086 - registration status: 204
2026-05-02T16:48:09.266+05:30  INFO 23724 --- [PRODUCT-SERVICE] [SpringApplicationShutdownHook] j.LocalContainerEntityManagerFactoryBean : Closing JPA EntityManagerFactory for persistence unit 'default'
2026-05-02T16:48:09.268+05:30 DEBUG 23724 --- [PRODUCT-SERVICE] [SpringApplicationShutdownHook] org.hibernate.SQL                        : 
    drop table if exists categories cascade 
2026-05-02T16:48:09.274+05:30 DEBUG 23724 --- [PRODUCT-SERVICE] [SpringApplicationShutdownHook] org.hibernate.SQL                        : 
    drop table if exists products cascade 
2026-05-02T16:48:09.283+05:30  INFO 23724 --- [PRODUCT-SERVICE] [SpringApplicationShutdownHook] com.zaxxer.hikari.HikariDataSource       : HikariPool-1 - Shutdown initiated...
2026-05-02T16:48:09.292+05:30  INFO 23724 --- [PRODUCT-SERVICE] [SpringApplicationShutdownHook] com.zaxxer.hikari.HikariDataSource       : HikariPool-1 - Shutdown completed.
2026-05-02T16:48:09.294+05:30  INFO 23724 --- [PRODUCT-SERVICE] [SpringApplicationShutdownHook] com.netflix.discovery.DiscoveryClient    : Shutting down DiscoveryClient ...
2026-05-02T16:48:12.297+05:30  INFO 23724 --- [PRODUCT-SERVICE] [SpringApplicationShutdownHook] com.netflix.discovery.DiscoveryClient    : Unregistering ...
2026-05-02T16:48:12.319+05:30  INFO 23724 --- [PRODUCT-SERVICE] [SpringApplicationShutdownHook] com.netflix.discovery.DiscoveryClient    : DiscoveryClient_PRODUCT-SERVICE/DESKTOP-SK8VECG:PRODUCT-SERVICE:8086 - deregister  status: 200
2026-05-02T16:48:12.319+05:30  INFO 23724 --- [PRODUCT-SERVICE] [SpringApplicationShutdownHook] com.netflix.discovery.DiscoveryClient    : Completed shut down of DiscoveryClient
2026-05-02T16:58:04.392+05:30  INFO 23648 --- [PRODUCT-SERVICE] [main] c.e.p.ProductServiceApplicationTests     : Starting ProductServiceApplicationTests using Java 17.0.12 with PID 23648 (started by tiwar in E:\Personal\microservices-learning\ecommerce-microservices-learning\product-service)
2026-05-02T16:58:04.398+05:30  INFO 23648 --- [PRODUCT-SERVICE] [main] c.e.p.ProductServiceApplicationTests     : The following 1 profile is active: "test"
2026-05-02T16:58:06.416+05:30  INFO 23648 --- [PRODUCT-SERVICE] [main] .s.d.r.c.RepositoryConfigurationDelegate : Bootstrapping Spring Data JPA repositories in DEFAULT mode.
2026-05-02T16:58:06.716+05:30  INFO 23648 --- [PRODUCT-SERVICE] [main] .s.d.r.c.RepositoryConfigurationDelegate : Finished Spring Data repository scanning in 287 ms. Found 3 JPA repository interfaces.
2026-05-02T16:58:07.448+05:30  INFO 23648 --- [PRODUCT-SERVICE] [main] o.s.cloud.context.scope.GenericScope     : BeanFactory id=27a8cbbf-21a1-39d0-a201-04646ec854ad
2026-05-02T16:58:08.035+05:30  WARN 23648 --- [PRODUCT-SERVICE] [main] trationDelegate$BeanPostProcessorChecker : Bean 'org.springframework.cloud.client.loadbalancer.LoadBalancerAutoConfiguration$DeferringLoadBalancerInterceptorConfig' of type [org.springframework.cloud.client.loadbalancer.LoadBalancerAutoConfiguration$DeferringLoadBalancerInterceptorConfig] is not eligible for getting processed by all BeanPostProcessors (for example: not eligible for auto-proxying). The currently created BeanPostProcessor [lbRestClientPostProcessor] is declared through a non-static factory method on that class; consider declaring it as static instead.
2026-05-02T16:58:08.041+05:30  WARN 23648 --- [PRODUCT-SERVICE] [main] trationDelegate$BeanPostProcessorChecker : Bean 'deferringLoadBalancerInterceptor' of type [org.springframework.cloud.client.loadbalancer.DeferringLoadBalancerInterceptor] is not eligible for getting processed by all BeanPostProcessors (for example: not eligible for auto-proxying). Is this bean getting eagerly injected/applied to a currently created BeanPostProcessor [lbRestClientPostProcessor]? Check the corresponding BeanPostProcessor declaration and its dependencies/advisors. If this bean does not have to be post-processed, declare it with ROLE_INFRASTRUCTURE.
2026-05-02T16:58:08.048+05:30  WARN 23648 --- [PRODUCT-SERVICE] [main] trationDelegate$BeanPostProcessorChecker : Bean 'org.springframework.cloud.client.loadbalancer.reactive.LoadBalancerBeanPostProcessorAutoConfiguration' of type [org.springframework.cloud.client.loadbalancer.reactive.LoadBalancerBeanPostProcessorAutoConfiguration] is not eligible for getting processed by all BeanPostProcessors (for example: not eligible for auto-proxying). The currently created BeanPostProcessor [loadBalancerWebClientBuilderBeanPostProcessor] is declared through a non-static factory method on that class; consider declaring it as static instead.
2026-05-02T16:58:08.054+05:30  WARN 23648 --- [PRODUCT-SERVICE] [main] trationDelegate$BeanPostProcessorChecker : Bean 'org.springframework.cloud.client.loadbalancer.reactive.LoadBalancerBeanPostProcessorAutoConfiguration$ReactorDeferringLoadBalancerFilterConfig' of type [org.springframework.cloud.client.loadbalancer.reactive.LoadBalancerBeanPostProcessorAutoConfiguration$ReactorDeferringLoadBalancerFilterConfig] is not eligible for getting processed by all BeanPostProcessors (for example: not eligible for auto-proxying). Is this bean getting eagerly injected/applied to a currently created BeanPostProcessor [loadBalancerWebClientBuilderBeanPostProcessor]? Check the corresponding BeanPostProcessor declaration and its dependencies/advisors. If this bean does not have to be post-processed, declare it with ROLE_INFRASTRUCTURE.
2026-05-02T16:58:08.059+05:30  WARN 23648 --- [PRODUCT-SERVICE] [main] trationDelegate$BeanPostProcessorChecker : Bean 'reactorDeferringLoadBalancerExchangeFilterFunction' of type [org.springframework.cloud.client.loadbalancer.reactive.DeferringLoadBalancerExchangeFilterFunction] is not eligible for getting processed by all BeanPostProcessors (for example: not eligible for auto-proxying). Is this bean getting eagerly injected/applied to a currently created BeanPostProcessor [loadBalancerWebClientBuilderBeanPostProcessor]? Check the corresponding BeanPostProcessor declaration and its dependencies/advisors. If this bean does not have to be post-processed, declare it with ROLE_INFRASTRUCTURE.
2026-05-02T16:58:08.339+05:30  INFO 23648 --- [PRODUCT-SERVICE] [main] o.hibernate.jpa.internal.util.LogHelper  : HHH000204: Processing PersistenceUnitInfo [name: default]
2026-05-02T16:58:08.455+05:30  INFO 23648 --- [PRODUCT-SERVICE] [main] org.hibernate.Version                    : HHH000412: Hibernate ORM core version 6.5.3.Final
2026-05-02T16:58:08.534+05:30  INFO 23648 --- [PRODUCT-SERVICE] [main] o.h.c.internal.RegionFactoryInitiator    : HHH000026: Second-level cache disabled
2026-05-02T16:58:09.111+05:30  INFO 23648 --- [PRODUCT-SERVICE] [main] o.s.o.j.p.SpringPersistenceUnitInfo      : No LoadTimeWeaver setup: ignoring JPA class transformer
2026-05-02T16:58:09.181+05:30  INFO 23648 --- [PRODUCT-SERVICE] [main] com.zaxxer.hikari.HikariDataSource       : HikariPool-1 - Starting...
2026-05-02T16:58:09.484+05:30  INFO 23648 --- [PRODUCT-SERVICE] [main] com.zaxxer.hikari.pool.HikariPool        : HikariPool-1 - Added connection conn0: url=jdbc:h2:mem:testdb user=SA
2026-05-02T16:58:09.486+05:30  INFO 23648 --- [PRODUCT-SERVICE] [main] com.zaxxer.hikari.HikariDataSource       : HikariPool-1 - Start completed.
2026-05-02T16:58:09.515+05:30  WARN 23648 --- [PRODUCT-SERVICE] [main] org.hibernate.orm.deprecation            : HHH90000025: H2Dialect does not need to be specified explicitly using 'hibernate.dialect' (remove the property setting and it will be selected by default)
2026-05-02T16:58:10.908+05:30  INFO 23648 --- [PRODUCT-SERVICE] [main] o.h.e.t.j.p.i.JtaPlatformInitiator       : HHH000489: No JTA platform available (set 'hibernate.transaction.jta.platform' to enable JTA platform integration)
2026-05-02T16:58:10.925+05:30 DEBUG 23648 --- [PRODUCT-SERVICE] [main] org.hibernate.SQL                        : 
    drop table if exists categories cascade 
2026-05-02T16:58:10.930+05:30 DEBUG 23648 --- [PRODUCT-SERVICE] [main] org.hibernate.SQL                        : 
    drop table if exists products cascade 
2026-05-02T16:58:10.939+05:30 DEBUG 23648 --- [PRODUCT-SERVICE] [main] org.hibernate.SQL                        : 
    create table categories (
        category_id integer generated by default as identity,
        parent_category_id integer,
        created_at timestamp(6) with time zone,
        updated_at timestamp(6) with time zone,
        category_title varchar(255),
        image_url varchar(255),
        primary key (category_id)
    )
2026-05-02T16:58:10.956+05:30 DEBUG 23648 --- [PRODUCT-SERVICE] [main] org.hibernate.SQL                        : 
    create table products (
        category_id integer,
        price_unit decimal,
        product_id integer generated by default as identity,
        quantity integer,
        created_at timestamp(6) with time zone,
        updated_at timestamp(6) with time zone,
        image_url varchar(255),
        product_title varchar(255),
        sku varchar(255) unique,
        primary key (product_id)
    )
2026-05-02T16:58:10.961+05:30 DEBUG 23648 --- [PRODUCT-SERVICE] [main] org.hibernate.SQL                        : 
    alter table if exists categories 
       add constraint FK9il7y6fehxwunjeepq0n7g5rd 
       foreign key (parent_category_id) 
       references categories
2026-05-02T16:58:10.989+05:30 DEBUG 23648 --- [PRODUCT-SERVICE] [main] org.hibernate.SQL                        : 
    alter table if exists products 
       add constraint FKog2rp4qthbtt2lfyhfo32lsw9 
       foreign key (category_id) 
       references categories
2026-05-02T16:58:11.005+05:30  INFO 23648 --- [PRODUCT-SERVICE] [main] j.LocalContainerEntityManagerFactoryBean : Initialized JPA EntityManagerFactory for persistence unit 'default'
2026-05-02T16:58:11.509+05:30  INFO 23648 --- [PRODUCT-SERVICE] [main] o.s.d.j.r.query.QueryEnhancerFactory     : Hibernate is in classpath; If applicable, HQL parser will be used.
2026-05-02T16:58:12.270+05:30  WARN 23648 --- [PRODUCT-SERVICE] [main] JpaBaseConfiguration$JpaWebConfiguration : spring.jpa.open-in-view is enabled by default. Therefore, database queries may be performed during view rendering. Explicitly configure spring.jpa.open-in-view to disable this warning
2026-05-02T16:58:13.744+05:30  INFO 23648 --- [PRODUCT-SERVICE] [main] o.s.b.a.h2.H2ConsoleAutoConfiguration    : H2 console available at '/h2-console'. Database available at 'jdbc:h2:mem:testdb'
2026-05-02T16:58:15.390+05:30  INFO 23648 --- [PRODUCT-SERVICE] [main] DiscoveryClientOptionalArgsConfiguration : Eureka HTTP Client uses RestTemplate.
2026-05-02T16:58:15.787+05:30  WARN 23648 --- [PRODUCT-SERVICE] [main] iguration$LoadBalancerCaffeineWarnLogger : Spring Cloud LoadBalancer is currently working with the default cache. While this cache implementation is useful for development and tests, it's recommended to use Caffeine cache in production.You can switch to using Caffeine cache, by adding it and org.springframework.cache.caffeine.CaffeineCacheManager to the classpath.
2026-05-02T16:58:15.909+05:30  INFO 23648 --- [PRODUCT-SERVICE] [main] o.s.c.n.eureka.InstanceInfoFactory       : Setting initial instance status as: STARTING
2026-05-02T16:58:15.954+05:30  INFO 23648 --- [PRODUCT-SERVICE] [main] com.netflix.discovery.DiscoveryClient    : Initializing Eureka in region us-east-1
2026-05-02T16:58:15.963+05:30  INFO 23648 --- [PRODUCT-SERVICE] [main] c.n.d.s.r.aws.ConfigClusterResolver      : Resolving eureka endpoints via configuration
2026-05-02T16:58:15.985+05:30  INFO 23648 --- [PRODUCT-SERVICE] [main] com.netflix.discovery.DiscoveryClient    : Disable delta property : false
2026-05-02T16:58:15.986+05:30  INFO 23648 --- [PRODUCT-SERVICE] [main] com.netflix.discovery.DiscoveryClient    : Single vip registry refresh property : null
2026-05-02T16:58:15.986+05:30  INFO 23648 --- [PRODUCT-SERVICE] [main] com.netflix.discovery.DiscoveryClient    : Force full registry fetch : false
2026-05-02T16:58:15.986+05:30  INFO 23648 --- [PRODUCT-SERVICE] [main] com.netflix.discovery.DiscoveryClient    : Application is null : false
2026-05-02T16:58:15.987+05:30  INFO 23648 --- [PRODUCT-SERVICE] [main] com.netflix.discovery.DiscoveryClient    : Registered Applications size is zero : true
2026-05-02T16:58:15.987+05:30  INFO 23648 --- [PRODUCT-SERVICE] [main] com.netflix.discovery.DiscoveryClient    : Application version is -1: true
2026-05-02T16:58:15.987+05:30  INFO 23648 --- [PRODUCT-SERVICE] [main] com.netflix.discovery.DiscoveryClient    : Getting all instance registry info from the eureka server
2026-05-02T16:58:16.554+05:30  INFO 23648 --- [PRODUCT-SERVICE] [main] com.netflix.discovery.DiscoveryClient    : The response status is 200
2026-05-02T16:58:16.560+05:30  INFO 23648 --- [PRODUCT-SERVICE] [main] com.netflix.discovery.DiscoveryClient    : Starting heartbeat executor: renew interval is: 30
2026-05-02T16:58:16.568+05:30  INFO 23648 --- [PRODUCT-SERVICE] [main] c.n.discovery.InstanceInfoReplicator     : InstanceInfoReplicator onDemand update allowed rate per min is 4
2026-05-02T16:58:16.574+05:30  INFO 23648 --- [PRODUCT-SERVICE] [main] com.netflix.discovery.DiscoveryClient    : Discovery Client initialized at timestamp 1777721296571 with initial instances count: 2
2026-05-02T16:58:16.586+05:30  INFO 23648 --- [PRODUCT-SERVICE] [main] o.s.c.n.e.s.EurekaServiceRegistry        : Registering application PRODUCT-SERVICE with eureka with status UP
2026-05-02T16:58:16.590+05:30  INFO 23648 --- [PRODUCT-SERVICE] [main] com.netflix.discovery.DiscoveryClient    : Saw local status change event StatusChangeEvent [timestamp=1777721296590, current=UP, previous=STARTING]
2026-05-02T16:58:16.593+05:30  INFO 23648 --- [PRODUCT-SERVICE] [DiscoveryClient-InstanceInfoReplicator-%d] com.netflix.discovery.DiscoveryClient    : DiscoveryClient_PRODUCT-SERVICE/DESKTOP-SK8VECG:PRODUCT-SERVICE:8086: registering service...
2026-05-02T16:58:16.615+05:30  INFO 23648 --- [PRODUCT-SERVICE] [main] c.e.p.ProductServiceApplicationTests     : Started ProductServiceApplicationTests in 13.452 seconds (process running for 15.137)
2026-05-02T16:58:16.685+05:30  INFO 23648 --- [PRODUCT-SERVICE] [DiscoveryClient-InstanceInfoReplicator-%d] com.netflix.discovery.DiscoveryClient    : DiscoveryClient_PRODUCT-SERVICE/DESKTOP-SK8VECG:PRODUCT-SERVICE:8086 - registration status: 204
2026-05-02T16:58:17.458+05:30  INFO 23648 --- [PRODUCT-SERVICE] [SpringApplicationShutdownHook] o.s.c.n.e.s.EurekaServiceRegistry        : Unregistering application PRODUCT-SERVICE with eureka with status DOWN
2026-05-02T16:58:17.458+05:30  INFO 23648 --- [PRODUCT-SERVICE] [SpringApplicationShutdownHook] com.netflix.discovery.DiscoveryClient    : Saw local status change event StatusChangeEvent [timestamp=1777721297458, current=DOWN, previous=UP]
2026-05-02T16:58:17.458+05:30  INFO 23648 --- [PRODUCT-SERVICE] [DiscoveryClient-InstanceInfoReplicator-%d] com.netflix.discovery.DiscoveryClient    : DiscoveryClient_PRODUCT-SERVICE/DESKTOP-SK8VECG:PRODUCT-SERVICE:8086: registering service...
2026-05-02T16:58:17.468+05:30  INFO 23648 --- [PRODUCT-SERVICE] [DiscoveryClient-InstanceInfoReplicator-%d] com.netflix.discovery.DiscoveryClient    : DiscoveryClient_PRODUCT-SERVICE/DESKTOP-SK8VECG:PRODUCT-SERVICE:8086 - registration status: 204
2026-05-02T16:58:17.504+05:30  INFO 23648 --- [PRODUCT-SERVICE] [SpringApplicationShutdownHook] j.LocalContainerEntityManagerFactoryBean : Closing JPA EntityManagerFactory for persistence unit 'default'
2026-05-02T16:58:17.506+05:30 DEBUG 23648 --- [PRODUCT-SERVICE] [SpringApplicationShutdownHook] org.hibernate.SQL                        : 
    drop table if exists categories cascade 
2026-05-02T16:58:17.511+05:30 DEBUG 23648 --- [PRODUCT-SERVICE] [SpringApplicationShutdownHook] org.hibernate.SQL                        : 
    drop table if exists products cascade 
2026-05-02T16:58:17.516+05:30  INFO 23648 --- [PRODUCT-SERVICE] [SpringApplicationShutdownHook] com.zaxxer.hikari.HikariDataSource       : HikariPool-1 - Shutdown initiated...
2026-05-02T16:58:17.535+05:30  INFO 23648 --- [PRODUCT-SERVICE] [SpringApplicationShutdownHook] com.zaxxer.hikari.HikariDataSource       : HikariPool-1 - Shutdown completed.
2026-05-02T16:58:17.536+05:30  INFO 23648 --- [PRODUCT-SERVICE] [SpringApplicationShutdownHook] com.netflix.discovery.DiscoveryClient    : Shutting down DiscoveryClient ...
2026-05-02T16:58:20.547+05:30  INFO 23648 --- [PRODUCT-SERVICE] [SpringApplicationShutdownHook] com.netflix.discovery.DiscoveryClient    : Unregistering ...
2026-05-02T16:58:20.586+05:30  INFO 23648 --- [PRODUCT-SERVICE] [SpringApplicationShutdownHook] com.netflix.discovery.DiscoveryClient    : DiscoveryClient_PRODUCT-SERVICE/DESKTOP-SK8VECG:PRODUCT-SERVICE:8086 - deregister  status: 200
2026-05-02T16:58:20.589+05:30  INFO 23648 --- [PRODUCT-SERVICE] [SpringApplicationShutdownHook] com.netflix.discovery.DiscoveryClient    : Completed shut down of DiscoveryClient
2026-05-02T16:59:02.819+05:30  INFO 19336 --- [PRODUCT-SERVICE] [restartedMain] c.e.p.ProductServiceApplication          : Starting ProductServiceApplication using Java 17.0.12 with PID 19336 (E:\Personal\microservices-learning\ecommerce-microservices-learning\product-service\target\classes started by tiwar in E:\Personal\microservices-learning\ecommerce-microservices-learning\product-service)
2026-05-02T16:59:02.824+05:30  INFO 19336 --- [PRODUCT-SERVICE] [restartedMain] c.e.p.ProductServiceApplication          : No active profile set, falling back to 1 default profile: "default"
2026-05-02T16:59:02.880+05:30  INFO 19336 --- [PRODUCT-SERVICE] [restartedMain] .e.DevToolsPropertyDefaultsPostProcessor : Devtools property defaults active! Set 'spring.devtools.add-properties' to 'false' to disable
2026-05-02T16:59:02.880+05:30  INFO 19336 --- [PRODUCT-SERVICE] [restartedMain] .e.DevToolsPropertyDefaultsPostProcessor : For additional web related logging consider setting the 'logging.level.web' property to 'DEBUG'
2026-05-02T16:59:04.208+05:30  INFO 19336 --- [PRODUCT-SERVICE] [restartedMain] .s.d.r.c.RepositoryConfigurationDelegate : Bootstrapping Spring Data JPA repositories in DEFAULT mode.
2026-05-02T16:59:04.375+05:30  INFO 19336 --- [PRODUCT-SERVICE] [restartedMain] .s.d.r.c.RepositoryConfigurationDelegate : Finished Spring Data repository scanning in 155 ms. Found 3 JPA repository interfaces.
2026-05-02T16:59:04.727+05:30  INFO 19336 --- [PRODUCT-SERVICE] [restartedMain] o.s.cloud.context.scope.GenericScope     : BeanFactory id=1ac26558-0105-3a75-8992-9c0ff4871655
2026-05-02T16:59:04.934+05:30  WARN 19336 --- [PRODUCT-SERVICE] [restartedMain] trationDelegate$BeanPostProcessorChecker : Bean 'org.springframework.cloud.client.loadbalancer.LoadBalancerAutoConfiguration$DeferringLoadBalancerInterceptorConfig' of type [org.springframework.cloud.client.loadbalancer.LoadBalancerAutoConfiguration$DeferringLoadBalancerInterceptorConfig] is not eligible for getting processed by all BeanPostProcessors (for example: not eligible for auto-proxying). The currently created BeanPostProcessor [lbRestClientPostProcessor] is declared through a non-static factory method on that class; consider declaring it as static instead.
2026-05-02T16:59:04.937+05:30  WARN 19336 --- [PRODUCT-SERVICE] [restartedMain] trationDelegate$BeanPostProcessorChecker : Bean 'deferringLoadBalancerInterceptor' of type [org.springframework.cloud.client.loadbalancer.DeferringLoadBalancerInterceptor] is not eligible for getting processed by all BeanPostProcessors (for example: not eligible for auto-proxying). Is this bean getting eagerly injected/applied to a currently created BeanPostProcessor [lbRestClientPostProcessor]? Check the corresponding BeanPostProcessor declaration and its dependencies/advisors. If this bean does not have to be post-processed, declare it with ROLE_INFRASTRUCTURE.
2026-05-02T16:59:04.940+05:30  WARN 19336 --- [PRODUCT-SERVICE] [restartedMain] trationDelegate$BeanPostProcessorChecker : Bean 'org.springframework.cloud.client.loadbalancer.reactive.LoadBalancerBeanPostProcessorAutoConfiguration' of type [org.springframework.cloud.client.loadbalancer.reactive.LoadBalancerBeanPostProcessorAutoConfiguration] is not eligible for getting processed by all BeanPostProcessors (for example: not eligible for auto-proxying). The currently created BeanPostProcessor [loadBalancerWebClientBuilderBeanPostProcessor] is declared through a non-static factory method on that class; consider declaring it as static instead.
2026-05-02T16:59:04.943+05:30  WARN 19336 --- [PRODUCT-SERVICE] [restartedMain] trationDelegate$BeanPostProcessorChecker : Bean 'org.springframework.cloud.client.loadbalancer.reactive.LoadBalancerBeanPostProcessorAutoConfiguration$ReactorDeferringLoadBalancerFilterConfig' of type [org.springframework.cloud.client.loadbalancer.reactive.LoadBalancerBeanPostProcessorAutoConfiguration$ReactorDeferringLoadBalancerFilterConfig] is not eligible for getting processed by all BeanPostProcessors (for example: not eligible for auto-proxying). Is this bean getting eagerly injected/applied to a currently created BeanPostProcessor [loadBalancerWebClientBuilderBeanPostProcessor]? Check the corresponding BeanPostProcessor declaration and its dependencies/advisors. If this bean does not have to be post-processed, declare it with ROLE_INFRASTRUCTURE.
2026-05-02T16:59:04.948+05:30  WARN 19336 --- [PRODUCT-SERVICE] [restartedMain] trationDelegate$BeanPostProcessorChecker : Bean 'reactorDeferringLoadBalancerExchangeFilterFunction' of type [org.springframework.cloud.client.loadbalancer.reactive.DeferringLoadBalancerExchangeFilterFunction] is not eligible for getting processed by all BeanPostProcessors (for example: not eligible for auto-proxying). Is this bean getting eagerly injected/applied to a currently created BeanPostProcessor [loadBalancerWebClientBuilderBeanPostProcessor]? Check the corresponding BeanPostProcessor declaration and its dependencies/advisors. If this bean does not have to be post-processed, declare it with ROLE_INFRASTRUCTURE.
2026-05-02T16:59:05.420+05:30  INFO 19336 --- [PRODUCT-SERVICE] [restartedMain] o.s.b.w.embedded.tomcat.TomcatWebServer  : Tomcat initialized with port 8086 (http)
2026-05-02T16:59:05.431+05:30  INFO 19336 --- [PRODUCT-SERVICE] [restartedMain] o.apache.catalina.core.StandardService   : Starting service [Tomcat]
2026-05-02T16:59:05.432+05:30  INFO 19336 --- [PRODUCT-SERVICE] [restartedMain] o.apache.catalina.core.StandardEngine    : Starting Servlet engine: [Apache Tomcat/10.1.31]
2026-05-02T16:59:05.500+05:30  INFO 19336 --- [PRODUCT-SERVICE] [restartedMain] o.a.c.c.C.[Tomcat].[localhost].[/]       : Initializing Spring embedded WebApplicationContext
2026-05-02T16:59:05.501+05:30  INFO 19336 --- [PRODUCT-SERVICE] [restartedMain] w.s.c.ServletWebServerApplicationContext : Root WebApplicationContext: initialization completed in 2620 ms
2026-05-02T16:59:05.672+05:30  INFO 19336 --- [PRODUCT-SERVICE] [restartedMain] o.hibernate.jpa.internal.util.LogHelper  : HHH000204: Processing PersistenceUnitInfo [name: default]
2026-05-02T16:59:05.724+05:30  INFO 19336 --- [PRODUCT-SERVICE] [restartedMain] org.hibernate.Version                    : HHH000412: Hibernate ORM core version 6.5.3.Final
2026-05-02T16:59:05.755+05:30  INFO 19336 --- [PRODUCT-SERVICE] [restartedMain] o.h.c.internal.RegionFactoryInitiator    : HHH000026: Second-level cache disabled
2026-05-02T16:59:05.997+05:30  INFO 19336 --- [PRODUCT-SERVICE] [restartedMain] o.s.o.j.p.SpringPersistenceUnitInfo      : No LoadTimeWeaver setup: ignoring JPA class transformer
2026-05-02T16:59:06.024+05:30  INFO 19336 --- [PRODUCT-SERVICE] [restartedMain] com.zaxxer.hikari.HikariDataSource       : HikariPool-1 - Starting...
2026-05-02T16:59:06.214+05:30  INFO 19336 --- [PRODUCT-SERVICE] [restartedMain] com.zaxxer.hikari.pool.HikariPool        : HikariPool-1 - Added connection org.postgresql.jdbc.PgConnection@4bd40c4c
2026-05-02T16:59:06.216+05:30  INFO 19336 --- [PRODUCT-SERVICE] [restartedMain] com.zaxxer.hikari.HikariDataSource       : HikariPool-1 - Start completed.
2026-05-02T16:59:06.286+05:30  WARN 19336 --- [PRODUCT-SERVICE] [restartedMain] org.hibernate.orm.deprecation            : HHH90000025: PostgreSQLDialect does not need to be specified explicitly using 'hibernate.dialect' (remove the property setting and it will be selected by default)
2026-05-02T16:59:07.110+05:30  INFO 19336 --- [PRODUCT-SERVICE] [restartedMain] o.h.e.t.j.p.i.JtaPlatformInitiator       : HHH000489: No JTA platform available (set 'hibernate.transaction.jta.platform' to enable JTA platform integration)
2026-05-02T16:59:07.256+05:30 DEBUG 19336 --- [PRODUCT-SERVICE] [restartedMain] org.hibernate.SQL                        : 
    create table categories (
        category_id integer generated by default as identity,
        created_at timestamp(6) with time zone,
        updated_at timestamp(6) with time zone,
        category_title varchar(255),
        image_url varchar(255),
        parent_category_id integer,
        primary key (category_id)
    )
2026-05-02T16:59:07.316+05:30 DEBUG 19336 --- [PRODUCT-SERVICE] [restartedMain] org.hibernate.SQL                        : 
    create table products (
        product_id integer generated by default as identity,
        created_at timestamp(6) with time zone,
        updated_at timestamp(6) with time zone,
        image_url varchar(255),
        price_unit decimal,
        product_title varchar(255),
        quantity integer,
        sku varchar(255),
        category_id integer,
        primary key (product_id)
    )
2026-05-02T16:59:07.327+05:30 DEBUG 19336 --- [PRODUCT-SERVICE] [restartedMain] org.hibernate.SQL                        : 
    alter table if exists products 
       drop constraint if exists UKfhmd06dsmj6k0n90swsh8ie9g
2026-05-02T16:59:07.334+05:30  WARN 19336 --- [PRODUCT-SERVICE] [restartedMain] o.h.engine.jdbc.spi.SqlExceptionHelper   : SQL Warning Code: 0, SQLState: 00000
2026-05-02T16:59:07.335+05:30  WARN 19336 --- [PRODUCT-SERVICE] [restartedMain] o.h.engine.jdbc.spi.SqlExceptionHelper   : constraint "ukfhmd06dsmj6k0n90swsh8ie9g" of relation "products" does not exist, skipping
2026-05-02T16:59:07.336+05:30 DEBUG 19336 --- [PRODUCT-SERVICE] [restartedMain] org.hibernate.SQL                        : 
    alter table if exists products 
       add constraint UKfhmd06dsmj6k0n90swsh8ie9g unique (sku)
2026-05-02T16:59:07.341+05:30 DEBUG 19336 --- [PRODUCT-SERVICE] [restartedMain] org.hibernate.SQL                        : 
    alter table if exists categories 
       add constraint FK9il7y6fehxwunjeepq0n7g5rd 
       foreign key (parent_category_id) 
       references categories
2026-05-02T16:59:07.354+05:30 DEBUG 19336 --- [PRODUCT-SERVICE] [restartedMain] org.hibernate.SQL                        : 
    alter table if exists products 
       add constraint FKog2rp4qthbtt2lfyhfo32lsw9 
       foreign key (category_id) 
       references categories
2026-05-02T16:59:07.366+05:30  INFO 19336 --- [PRODUCT-SERVICE] [restartedMain] j.LocalContainerEntityManagerFactoryBean : Initialized JPA EntityManagerFactory for persistence unit 'default'
2026-05-02T16:59:07.731+05:30  INFO 19336 --- [PRODUCT-SERVICE] [restartedMain] o.s.d.j.r.query.QueryEnhancerFactory     : Hibernate is in classpath; If applicable, HQL parser will be used.
2026-05-02T16:59:08.363+05:30  WARN 19336 --- [PRODUCT-SERVICE] [restartedMain] JpaBaseConfiguration$JpaWebConfiguration : spring.jpa.open-in-view is enabled by default. Therefore, database queries may be performed during view rendering. Explicitly configure spring.jpa.open-in-view to disable this warning
2026-05-02T16:59:10.265+05:30  WARN 19336 --- [PRODUCT-SERVICE] [restartedMain] o.s.b.d.a.OptionalLiveReloadServer       : Unable to start LiveReload server
2026-05-02T16:59:10.882+05:30  INFO 19336 --- [PRODUCT-SERVICE] [restartedMain] DiscoveryClientOptionalArgsConfiguration : Eureka HTTP Client uses RestTemplate.
2026-05-02T16:59:11.313+05:30  WARN 19336 --- [PRODUCT-SERVICE] [restartedMain] iguration$LoadBalancerCaffeineWarnLogger : Spring Cloud LoadBalancer is currently working with the default cache. While this cache implementation is useful for development and tests, it's recommended to use Caffeine cache in production.You can switch to using Caffeine cache, by adding it and org.springframework.cache.caffeine.CaffeineCacheManager to the classpath.
2026-05-02T16:59:11.387+05:30  INFO 19336 --- [PRODUCT-SERVICE] [restartedMain] o.s.c.n.eureka.InstanceInfoFactory       : Setting initial instance status as: STARTING
2026-05-02T16:59:11.413+05:30  INFO 19336 --- [PRODUCT-SERVICE] [restartedMain] com.netflix.discovery.DiscoveryClient    : Initializing Eureka in region us-east-1
2026-05-02T16:59:11.421+05:30  INFO 19336 --- [PRODUCT-SERVICE] [restartedMain] c.n.d.s.r.aws.ConfigClusterResolver      : Resolving eureka endpoints via configuration
2026-05-02T16:59:11.437+05:30  INFO 19336 --- [PRODUCT-SERVICE] [restartedMain] com.netflix.discovery.DiscoveryClient    : Disable delta property : false
2026-05-02T16:59:11.437+05:30  INFO 19336 --- [PRODUCT-SERVICE] [restartedMain] com.netflix.discovery.DiscoveryClient    : Single vip registry refresh property : null
2026-05-02T16:59:11.439+05:30  INFO 19336 --- [PRODUCT-SERVICE] [restartedMain] com.netflix.discovery.DiscoveryClient    : Force full registry fetch : false
2026-05-02T16:59:11.439+05:30  INFO 19336 --- [PRODUCT-SERVICE] [restartedMain] com.netflix.discovery.DiscoveryClient    : Application is null : false
2026-05-02T16:59:11.441+05:30  INFO 19336 --- [PRODUCT-SERVICE] [restartedMain] com.netflix.discovery.DiscoveryClient    : Registered Applications size is zero : true
2026-05-02T16:59:11.442+05:30  INFO 19336 --- [PRODUCT-SERVICE] [restartedMain] com.netflix.discovery.DiscoveryClient    : Application version is -1: true
2026-05-02T16:59:11.442+05:30  INFO 19336 --- [PRODUCT-SERVICE] [restartedMain] com.netflix.discovery.DiscoveryClient    : Getting all instance registry info from the eureka server
2026-05-02T16:59:11.806+05:30  INFO 19336 --- [PRODUCT-SERVICE] [restartedMain] com.netflix.discovery.DiscoveryClient    : The response status is 200
2026-05-02T16:59:11.808+05:30  INFO 19336 --- [PRODUCT-SERVICE] [restartedMain] com.netflix.discovery.DiscoveryClient    : Starting heartbeat executor: renew interval is: 30
2026-05-02T16:59:11.811+05:30  INFO 19336 --- [PRODUCT-SERVICE] [restartedMain] c.n.discovery.InstanceInfoReplicator     : InstanceInfoReplicator onDemand update allowed rate per min is 4
2026-05-02T16:59:11.813+05:30  INFO 19336 --- [PRODUCT-SERVICE] [restartedMain] com.netflix.discovery.DiscoveryClient    : Discovery Client initialized at timestamp 1777721351813 with initial instances count: 2
2026-05-02T16:59:11.821+05:30  INFO 19336 --- [PRODUCT-SERVICE] [restartedMain] o.s.c.n.e.s.EurekaServiceRegistry        : Registering application PRODUCT-SERVICE with eureka with status UP
2026-05-02T16:59:11.823+05:30  INFO 19336 --- [PRODUCT-SERVICE] [restartedMain] com.netflix.discovery.DiscoveryClient    : Saw local status change event StatusChangeEvent [timestamp=1777721351823, current=UP, previous=STARTING]
2026-05-02T16:59:11.825+05:30  INFO 19336 --- [PRODUCT-SERVICE] [DiscoveryClient-InstanceInfoReplicator-%d] com.netflix.discovery.DiscoveryClient    : DiscoveryClient_PRODUCT-SERVICE/DESKTOP-SK8VECG:PRODUCT-SERVICE:8086: registering service...
2026-05-02T16:59:11.862+05:30  INFO 19336 --- [PRODUCT-SERVICE] [restartedMain] o.s.b.w.embedded.tomcat.TomcatWebServer  : Tomcat started on port 8086 (http) with context path '/'
2026-05-02T16:59:11.865+05:30  INFO 19336 --- [PRODUCT-SERVICE] [restartedMain] .s.c.n.e.s.EurekaAutoServiceRegistration : Updating port to 8086
2026-05-02T16:59:11.888+05:30  INFO 19336 --- [PRODUCT-SERVICE] [DiscoveryClient-InstanceInfoReplicator-%d] com.netflix.discovery.DiscoveryClient    : DiscoveryClient_PRODUCT-SERVICE/DESKTOP-SK8VECG:PRODUCT-SERVICE:8086 - registration status: 204
2026-05-02T16:59:12.448+05:30  INFO 19336 --- [PRODUCT-SERVICE] [restartedMain] c.e.p.ProductServiceApplication          : Started ProductServiceApplication in 10.671 seconds (process running for 11.291)
2026-05-02T17:04:11.478+05:30  INFO 19336 --- [PRODUCT-SERVICE] [AsyncResolver-bootstrap-executor-%d] c.n.d.s.r.aws.ConfigClusterResolver      : Resolving eureka endpoints via configuration
2026-05-02T17:09:11.539+05:30  INFO 19336 --- [PRODUCT-SERVICE] [AsyncResolver-bootstrap-executor-%d] c.n.d.s.r.aws.ConfigClusterResolver      : Resolving eureka endpoints via configuration
2026-05-02T17:14:11.576+05:30  INFO 19336 --- [PRODUCT-SERVICE] [AsyncResolver-bootstrap-executor-%d] c.n.d.s.r.aws.ConfigClusterResolver      : Resolving eureka endpoints via configuration
